date;price
01/01/2011;00.03
02/01/2011;00.03
03/01/2011;0,204861111
04/01/2011;0,207638889
05/01/2011;0,207638889
06/01/2011;0,206944444
07/01/2011;00.32
08/01/2011;2,242361111
09/01/2011;0,224305556
10/01/2011;2,268055556
11/01/2011;2,268055556
12/01/2011;2,213888889
13/01/2011;2,205555556
14/01/2011;00.04
15/01/2011;0,268055556
16/01/2011;2,686111111
17/01/2011;2,427083333
18/01/2011;0,217361111
19/01/2011;0,217361111
20/01/2011;00.39
21/01/2011;2,915972222
22/01/2011;3,085416667
23/01/2011;3,072222222
24/01/2011;2,915972222
25/01/2011;00.41
26/01/2011;0,289583333
27/01/2011;2,925
28/01/2011;0,309722222
29/01/2011;0,304861111
30/01/2011;3,332638889
31/01/2011;00.52
01/02/2011;00.07
02/02/2011;0,497222222
03/02/2011;0,047916667
04/02/2011;0,563194444
05/02/2011;0,063888889
06/02/2011;6,247916667
07/02/2011;0,061805556
08/02/2011;0,6375
09/02/2011;01.09
10/02/2011;6,807638889
11/02/2011;01.07
12/02/2011;10.799
13/02/2011;01.05
14/02/2011;01.07
15/02/2011;01.05
16/02/2011;1.045
17/02/2011;01.04
18/02/2011;6,242361111
19/02/2011;0,659027778
20/02/2011;0,059027778
21/02/2011;5,795138889
22/02/2011;6,043055556
23/02/2011;00.09
24/02/2011;6,926388889
25/02/2011;6,327083333
26/02/2011;0,665277778
27/02/2011;0,061805556
28/02/2011;0,059722222
01/03/2011;6,390277778
02/03/2011;6,527083333
03/03/2011;6,521527778
04/03/2011;0,625694444
05/03/2011;6,321527778
06/03/2011;6,249305556
07/03/2011;0,614583333
08/03/2011;0,060416667
09/03/2011;6,003472222
10/03/2011;6,478472222
11/03/2011;0,061111111
12/03/2011;0,6375
13/03/2011;6,197916667
14/03/2011;6,214583333
15/03/2011;0,060416667
16/03/2011;0,059722222
17/03/2011;5,731944444
18/03/2011;5,670138889
19/03/2011;0,53125
20/03/2011;5,146527778
21/03/2011;0,527083333
22/03/2011;0,561805556
23/03/2011;5,900694444
24/03/2011;6,020138889
25/03/2011;6,1375
26/03/2011;5,938888889
27/03/2011;0,056944444
28/03/2011;0,554861111
29/03/2011;5,503472222
30/03/2011;5,484027778
31/03/2011;5,448611111
01/04/2011;5,375694444
02/04/2011;0,543055556
03/04/2011;0,540972222
04/04/2011;0,047222222
05/04/2011;0,049305556
06/04/2011;0,051388889
07/04/2011;5,234722222
08/04/2011;0,052083333
09/04/2011;0,050694444
10/04/2011;5,117361111
11/04/2011;0,053472222
12/04/2011;0,059722222
13/04/2011;6,40625
14/04/2011;01.00
15/04/2011;6,874305556
16/04/2011;10.499
17/04/2011;11.123
18/04/2011;1.162
19/04/2011;11.979
20/04/2011;11.421
21/04/2011;01.21
22/04/2011;1.409
23/04/2011;17.001
24/04/2011;16.301
25/04/2011;1.559
26/04/2011;17.949
27/04/2011;01.09
28/04/2011;22.106
29/04/2011;0,144444444
30/04/2011;03.05
01/05/2011;30.331
02/05/2011;03.02
03/05/2011;03.41
04/05/2011;34.061
05/05/2011;3.333
06/05/2011;03.45
07/05/2011;3.641
08/05/2011;38.659
09/05/2011;03.08
10/05/2011;0,264583333
11/05/2011;05.05
12/05/2011;63.002
13/05/2011;8.198
14/05/2011;71.977
15/05/2011;6.987
16/05/2011;80.339
17/05/2011;07.19
18/05/2011;0,311111111
19/05/2011;6.805
20/05/2011;55.904
21/05/2011;61.197
22/05/2011;66.901
23/05/2011;71.499
24/05/2011;07.42
25/05/2011;83.997
26/05/2011;8.798
27/05/2011;85.002
28/05/2011;83.001
29/05/2011;84.299
30/05/2011;08.08
31/05/2011;8.741
01/06/2011;09.57
02/06/2011;10.06
03/06/2011;14.29
04/06/2011;0,811805556
05/06/2011;16.07
06/06/2011;185.499
07/06/2011;239.234
08/06/2011;29.06.00
09/06/2011;28.919
10/06/2011;239.497
11/06/2011;146.511
12/06/2011;185.464
13/06/2011;0,85
14/06/2011;19.28
15/06/2011;19.49
16/06/2011;17.00
17/06/2011;15.681
18/06/2011;0,728472222
19/06/2011;17.51
20/06/2011;17.51
21/06/2011;17.51
22/06/2011;17.51
23/06/2011;17.51
24/06/2011;17.51
25/06/2011;17.51
26/06/2011;16.45
27/06/2011;0,71875
28/06/2011;169.498
29/06/2011;16.845
30/06/2011;16.101
01/07/2011;15.397
02/07/2011;15.04
03/07/2011;154.405
04/07/2011;0,601388889
05/07/2011;129.069
06/07/2011;147.835
07/07/2011;147.761
08/07/2011;14.314
09/07/2011;14.38
10/07/2011;14.09
11/07/2011;142.091
12/07/2011;140.094
13/07/2011;13.951
14/07/2011;0,610416667
15/07/2011;0,597916667
16/07/2011;137.191
17/07/2011;13.16
18/07/2011;13.48
19/07/2011;138.502
20/07/2011;136.894
21/07/2011;0,584027778
22/07/2011;136.954
23/07/2011;0,588888889
24/07/2011;0,609722222
25/07/2011;140.478
26/07/2011;138.821
27/07/2011;139.394
28/07/2011;134.901
29/07/2011;134.983
30/07/2011;135.303
31/07/2011;13.35
01/08/2011;130.946
02/08/2011;12.05
03/08/2011;09.26
04/08/2011;0,46875
05/08/2011;97.999
06/08/2011;06.55
07/08/2011;07.09
08/08/2011;77.999
09/08/2011;0,44375
10/08/2011;0,443055556
11/08/2011;94.625
12/08/2011;94.605
13/08/2011;10.131
14/08/2011;107.957
15/08/2011;111.498
16/08/2011;109.641
17/08/2011;109.456
18/08/2011;0,474305556
19/08/2011;0,503472222
20/08/2011;11.453
21/08/2011;113.113
22/08/2011;10.895
23/08/2011;0,481944444
24/08/2011;108.506
25/08/2011;9.657
26/08/2011;81.794
27/08/2011;85.902
28/08/2011;90.701
29/08/2011;8.969
30/08/2011;87.913
31/08/2011;81.995
01/09/2011;08.21
02/09/2011;0,377777778
03/09/2011;08.48
04/09/2011;8.178
05/09/2011;7.611
06/09/2011;68.628
07/09/2011;71.864
08/09/2011;06.53
09/09/2011;05.03
10/09/2011;47.739
11/09/2011;58.644
12/09/2011;6.078
13/09/2011;05.08
14/09/2011;56.193
15/09/2011;0,225
16/09/2011;0,223611111
17/09/2011;0,220138889
18/09/2011;05.02
19/09/2011;05.46
20/09/2011;61.119
21/09/2011;56.114
22/09/2011;54.278
23/09/2011;55.451
24/09/2011;54.683
25/09/2011;05.33
26/09/2011;48.697
27/09/2011;49.156
28/09/2011;47.725
29/09/2011;47.794
30/09/2011;51.401
01/10/2011;50.324
02/10/2011;5.027
03/10/2011;5.024
04/10/2011;0,233333333
05/10/2011;0,227083333
06/10/2011;47.344
07/10/2011;42.728
08/10/2011;40.075
09/10/2011;41.029
10/10/2011;04.01
11/10/2011;39.308
12/10/2011;04.15
13/10/2011;40.462
14/10/2011;39.879
15/10/2011;38.421
16/10/2011;3.557
17/10/2011;02.56
18/10/2011;2.419
19/10/2011;02.27
20/10/2011;2.348
21/10/2011;02.57
22/10/2011;31.588
23/10/2011;03.17
24/10/2011;2.545
25/10/2011;0,136805556
26/10/2011;2.773
27/10/2011;03.04
28/10/2011;03.19
29/10/2011;35.811
30/10/2011;03.27
31/10/2011;3.248
01/11/2011;03.15
02/11/2011;32.543
03/11/2011;3.152
04/11/2011;3.109
05/11/2011;0,150694444
06/11/2011;29.596
07/11/2011;30.068
08/11/2011;3.035
09/11/2011;0,149305556
10/11/2011;28.399
11/11/2011;03.08
12/11/2011;3.031
13/11/2011;29.969
14/11/2011;02.22
15/11/2011;2.329
16/11/2011;25.604
17/11/2011;02.25
18/11/2011;02.05
19/11/2011;21.959
20/11/2011;02.02
21/11/2011;2.294
22/11/2011;23.289
23/11/2011;23.321
24/11/2011;24.321
25/11/2011;25.061
26/11/2011;02.47
27/11/2011;24.799
28/11/2011;02.55
29/11/2011;27.502
30/11/2011;29.701
01/12/2011;03.06
02/12/2011;31.151
03/12/2011;2.794
04/12/2011;28.281
05/12/2011;28.798
06/12/2011;03.03
07/12/2011;0,152083333
08/12/2011;0,151388889
09/12/2011;0,150694444
10/12/2011;03.05
11/12/2011;32.511
12/12/2011;3.135
13/12/2011;32.499
14/12/2011;03.15
15/12/2011;03.02
16/12/2011;03.02
17/12/2011;32.001
18/12/2011;3.193
19/12/2011;35.202
20/12/2011;0,190972222
21/12/2011;0,186805556
22/12/2011;38.901
23/12/2011;39.468
24/12/2011;0,190277778
25/12/2011;4.225
26/12/2011;4.018
27/12/2011;04.07
28/12/2011;41.855
29/12/2011;4.166
30/12/2011;4.248
31/12/2011;4.722
01/01/2012;52.677
02/01/2012;52.168
03/01/2012;48.808
04/01/2012;55.738
05/01/2012;69.476
06/01/2012;66.969
07/01/2012;0,30625
08/01/2012;71.136
09/01/2012;63.257
10/01/2012;06.36
11/01/2012;06.09
12/01/2012;06.08
13/01/2012;06.41
14/01/2012;0,302083333
15/01/2012;70.018
16/01/2012;66.825
17/01/2012;05.06
18/01/2012;0,272222222
19/01/2012;63.598
20/01/2012;64.898
21/01/2012;06.18
22/01/2012;63.097
23/01/2012;6.356
24/01/2012;62.898
25/01/2012;0,260416667
26/01/2012;05.34
27/01/2012;5.292
28/01/2012;56.267
29/01/2012;53.809
30/01/2012;54.905
31/01/2012;54.838
01/02/2012;60.756
02/02/2012;06.01
03/02/2012;59.593
04/02/2012;58.734
05/02/2012;56.888
06/02/2012;54.535
07/02/2012;0,25625
08/02/2012;05.06
09/02/2012;0,265972222
10/02/2012;59.126
11/02/2012;56.005
12/02/2012;55.147
13/02/2012;05.26
14/02/2012;44.629
15/02/2012;43.251
16/02/2012;42.739
17/02/2012;04.41
18/02/2012;4.222
19/02/2012;43.867
20/02/2012;43.615
21/02/2012;4.272
22/02/2012;44.247
23/02/2012;5.015
24/02/2012;50.288
25/02/2012;4.773
26/02/2012;4.922
27/02/2012;4.956
28/02/2012;4.868
29/02/2012;0,226388889
01/03/2012;49.213
02/03/2012;4.705
03/03/2012;46.144
04/03/2012;0,223611111
05/03/2012;49.843
06/03/2012;49.901
07/03/2012;49.375
08/03/2012;49.302
09/03/2012;48.611
10/03/2012;48.332
11/03/2012;0,229861111
12/03/2012;48.901
13/03/2012;05.27
14/03/2012;05.38
15/03/2012;53.266
16/03/2012;53.439
17/03/2012;52.159
18/03/2012;52.794
19/03/2012;46.939
20/03/2012;48.379
21/03/2012;48.149
22/03/2012;47.043
23/03/2012;4.686
24/03/2012;4.676
25/03/2012;04.55
26/03/2012;46.191
27/03/2012;48.113
28/03/2012;4.788
29/03/2012;48.084
30/03/2012;0,226388889
31/03/2012;49.087
01/04/2012;4.827
02/04/2012;4.974
03/04/2012;4.952
04/04/2012;49.101
05/04/2012;4.919
06/04/2012;49.499
07/04/2012;46.872
08/04/2012;47.925
09/04/2012;48.719
10/04/2012;48.367
11/04/2012;49.279
12/04/2012;49.197
13/04/2012;0,231944444
14/04/2012;49.597
15/04/2012;49.689
16/04/2012;4.932
17/04/2012;49.759
18/04/2012;51.178
19/04/2012;51.377
20/04/2012;05.35
21/04/2012;52.601
22/04/2012;52.035
23/04/2012;0,233333333
24/04/2012;50.982
25/04/2012;51.318
26/04/2012;50.976
27/04/2012;51.095
28/04/2012;49.794
29/04/2012;49.044
30/04/2012;49.491
01/05/2012;05.00
02/05/2012;50.737
03/05/2012;51.344
04/05/2012;5.067
05/05/2012;5.077
06/05/2012;50.499
07/05/2012;05.06
08/05/2012;05.05
09/05/2012;50.437
10/05/2012;0,225694444
11/05/2012;0,233333333
12/05/2012;49.462
13/05/2012;0,23125
14/05/2012;50.059
15/05/2012;5.035
16/05/2012;50.887
17/05/2012;50.998
18/05/2012;5.118
19/05/2012;50.995
20/05/2012;05.09
21/05/2012;50.998
22/05/2012;50.988
23/05/2012;51.397
24/05/2012;5.119
25/05/2012;51.455
26/05/2012;51.032
27/05/2012;5.139
28/05/2012;51.358
29/05/2012;05.15
30/05/2012;5.135
31/05/2012;51.801
01/06/2012;52.748
02/06/2012;5.249
03/06/2012;52.051
04/06/2012;5.266
05/06/2012;05.44
06/06/2012;05.46
07/06/2012;5.591
08/06/2012;5.633
09/06/2012;05.56
10/06/2012;54.683
11/06/2012;55.747
12/06/2012;05.07
13/06/2012;5.929
14/06/2012;59.541
15/06/2012;06.05
16/06/2012;06.04
17/06/2012;61.638
18/06/2012;06.31
19/06/2012;64.988
20/06/2012;0,296527778
21/06/2012;66.801
22/06/2012;65.478
23/06/2012;64.285
24/06/2012;06.35
25/06/2012;63.048
26/06/2012;64.195
27/06/2012;6.647
28/06/2012;66.059
29/06/2012;0,295138889
30/06/2012;0,297916667
01/07/2012;6.629
02/07/2012;0,302777778
03/07/2012;64.499
04/07/2012;65.101
05/07/2012;0,296527778
06/07/2012;66.481
07/07/2012;67.621
08/07/2012;6.799
09/07/2012;70.215
10/07/2012;71.999
11/07/2012;07.15
12/07/2012;77.644
13/07/2012;76.651
14/07/2012;75.421
15/07/2012;7.621
16/07/2012;84.996
17/07/2012;08.08
18/07/2012;91.098
19/07/2012;0,39375
20/07/2012;08.52
21/07/2012;88.455
22/07/2012;84.096
23/07/2012;84.457
24/07/2012;08.06
25/07/2012;08.08
26/07/2012;08.09
27/07/2012;08.09
28/07/2012;88.881
29/07/2012;87.103
30/07/2012;9.098
31/07/2012;09.35
01/08/2012;95.503
02/08/2012;10.53
03/08/2012;0,484027778
04/08/2012;10.984
05/08/2012;0,477083333
06/08/2012;108.552
07/08/2012;11.01
08/08/2012;110.553
09/08/2012;110.611
10/08/2012;113.864
11/08/2012;115.102
12/08/2012;11.624
13/08/2012;120.375
14/08/2012;12.19
15/08/2012;13.25
16/08/2012;13.05
17/08/2012;115.836
18/08/2012;0,500694444
19/08/2012;08.00
20/08/2012;10.01
21/08/2012;9.915
22/08/2012;98.068
23/08/2012;10.01
24/08/2012;10.06
25/08/2012;105.239
26/08/2012;0,459027778
27/08/2012;0,482638889
28/08/2012;0,481944444
29/08/2012;109.169
30/08/2012;10.777
31/08/2012;10.16
01/09/2012;99.654
02/09/2012;102.041
03/09/2012;10.53
04/09/2012;103.847
05/09/2012;109.997
06/09/2012;11.181
07/09/2012;11.00
08/09/2012;11.037
09/09/2012;11.02
10/09/2012;11.17
11/09/2012;113.308
12/09/2012;113.649
13/09/2012;11.399
14/09/2012;0,504861111
15/09/2012;0,510416667
16/09/2012;0,51875
17/09/2012;0,520138889
18/09/2012;12.25
19/09/2012;125.725
20/09/2012;122.825
21/09/2012;12.368
22/09/2012;122.378
23/09/2012;121.933
24/09/2012;12.01
25/09/2012;12.197
26/09/2012;12.27
27/09/2012;123.089
28/09/2012;12.391
29/09/2012;123.631
30/09/2012;12.04
01/10/2012;12.04
02/10/2012;0,558333333
03/10/2012;0,561805556
04/10/2012;0,559027778
05/10/2012;12.688
06/10/2012;12.505
07/10/2012;11.08
08/10/2012;117.781
09/10/2012;11.895
10/10/2012;12.12
11/10/2012;12.03
12/10/2012;12.00
13/10/2012;11.861
14/10/2012;117.389
15/10/2012;118.381
16/10/2012;118.499
17/10/2012;0,514583333
18/10/2012;119.398
19/10/2012;117.401
20/10/2012;117.399
21/10/2012;116.311
22/10/2012;117.101
23/10/2012;0,503472222
24/10/2012;0,503472222
25/10/2012;108.616
26/10/2012;101.706
27/10/2012;102.605
28/10/2012;10.07
29/10/2012;10.06
30/10/2012;108.875
31/10/2012;11.201
01/11/2012;10.57
02/11/2012;104.688
03/11/2012;106.425
04/11/2012;108.001
05/11/2012;10.748
06/11/2012;10.899
07/11/2012;0,480555556
08/11/2012;10.925
09/11/2012;10.815
10/11/2012;0,478472222
11/11/2012;108.687
12/11/2012;11.008
13/11/2012;109.512
14/11/2012;0,482638889
15/11/2012;111.977
16/11/2012;117.489
17/11/2012;117.889
18/11/2012;116.515
19/11/2012;117.999
20/11/2012;117.328
21/11/2012;0,511805556
22/11/2012;124.219
23/11/2012;12.345
24/11/2012;124.115
25/11/2012;124.821
26/11/2012;122.455
27/11/2012;12.02
28/11/2012;123.477
29/11/2012;12.45
30/11/2012;12.565
01/12/2012;12.562
02/12/2012;12.05
03/12/2012;12.679
04/12/2012;13.41
05/12/2012;13.38
06/12/2012;13.299
07/12/2012;134.999
08/12/2012;134.201
09/12/2012;13.388
10/12/2012;134.334
11/12/2012;13.557
12/12/2012;136.989
13/12/2012;137.001
14/12/2012;13.06
15/12/2012;134.901
16/12/2012;13.03
17/12/2012;132.501
18/12/2012;13.299
19/12/2012;13.599
20/12/2012;135.246
21/12/2012;13.05
22/12/2012;133.714
23/12/2012;13.312
24/12/2012;13.38
25/12/2012;13.35
26/12/2012;134.679
27/12/2012;134.217
28/12/2012;134.212
29/12/2012;13.04
30/12/2012;13.45
31/12/2012;13.51
01/01/2013;133.041
02/01/2013;13.28
03/01/2013;133.979
04/01/2013;13.05
05/01/2013;13.44
06/01/2013;13.454
07/01/2013;135.876
08/01/2013;137.428
09/01/2013;0,595138889
10/01/2013;14.14
11/01/2013;14.137
12/01/2013;14.237
13/01/2013;14.116
14/01/2013;14.03
15/01/2013;14.25
16/01/2013;0,634027778
17/01/2013;15.05
18/01/2013;15.705
19/01/2013;15.615
20/01/2013;15.07
21/01/2013;16.08
22/01/2013;172.614
23/01/2013;17.05
24/01/2013;16.896
25/01/2013;17.04
26/01/2013;0,769444444
27/01/2013;178.182
28/01/2013;18.721
29/01/2013;195.254
30/01/2013;19.07
31/01/2013;20.41
01/02/2013;20.499
02/02/2013;0,835416667
03/02/2013;20.59
04/02/2013;204.301
05/02/2013;20.06
06/02/2013;21.18
07/02/2013;22.15
08/02/2013;0,9625
09/02/2013;1,003472222
10/02/2013;239.698
11/02/2013;24.65
12/02/2013;251.698
13/02/2013;24.02.00
14/02/2013;272.205
15/02/2013;27.01.00
16/02/2013;272.158
17/02/2013;268.146
18/02/2013;26.95
19/02/2013;294.176
20/02/2013;29.645
21/02/2013;297.477
22/02/2013;302.454
23/02/2013;29.08.00
24/02/2013;29.89
25/02/2013;30.04.00
26/02/2013;31.01.00
27/02/2013;309.012
28/02/2013;33.38.00
01/03/2013;34.05.00
02/03/2013;34.25.00
03/03/2013;34.05.00
04/03/2013;36.152
05/03/2013;40.33.00
06/03/2013;410.201
07/03/2013;42.00.00
08/03/2013;44.18.00
09/03/2013;46.85
10/03/2013;46.00.00
11/03/2013;48.04.00
12/03/2013;442.899
13/03/2013;46.92
14/03/2013;471.696
15/03/2013;46.95
16/03/2013;470.002
17/03/2013;47.04.00
18/03/2013;51.06.00
19/03/2013;59.14.00
20/03/2013;644.888
21/03/2013;70.85
22/03/2013;69.865
23/03/2013;64.35.00
24/03/2013;71.05.00
25/03/2013;73.06.00
26/03/2013;78.05.00
27/03/2013;88.92
28/03/2013;86.18.00
29/03/2013;90.05.00
30/03/2013;92.19.00
31/03/2013;93.03.00
01/04/2013;104.00.00
02/04/2013;117.98
03/04/2013;135.00.00
04/04/2013;132.12.00
05/04/2013;1.423.236
06/04/2013;1.426.311
07/04/2013;162.301
08/04/2013;187.05.00
09/04/2013;230.00.00
10/04/2013;165.00.00
11/04/2013;124.09.00
12/04/2013;117.00.00
13/04/2013;93.00.00
14/04/2013;90.00.00
15/04/2013;82.386
16/04/2013;683.557
17/04/2013;93.07.00
18/04/2013;109.01.00
19/04/2013;118.48.00
20/04/2013;1.266.155
21/04/2013;119.02.00
22/04/2013;127.04.00
23/04/2013;143.475
24/04/2013;154.02.00
25/04/2013;141.71
26/04/2013;136.09.00
27/04/2013;1.280.001
28/04/2013;1.344.444
29/04/2013;1.439.999
30/04/2013;1.392.269
01/05/2013;116.38.00
02/05/2013;106.25.00
03/05/2013;98.01.00
04/05/2013;112.09.00
05/05/2013;115.98
06/05/2013;112.25.00
07/05/2013;1.096.001
08/05/2013;113.02.00
09/05/2013;112.799
10/05/2013;117.07.00
11/05/2013;115.64
12/05/2013;114.82
13/05/2013;1.179.797
14/05/2013;111.04.00
15/05/2013;114.22.00
16/05/2013;118.21.00
17/05/2013;123.05.00
18/05/2013;123.211
19/05/2013;122.05.00
20/05/2013;122.02.00
21/05/2013;122.89
22/05/2013;123.08.00
23/05/2013;126.03.00
24/05/2013;133.01.00
25/05/2013;131.986
26/05/2013;133.05.00
27/05/2013;129.77
28/05/2013;129.00.00
29/05/2013;132.25.00
30/05/2013;128.799
31/05/2013;1.288.151
01/06/2013;129.03.00
02/06/2013;122.05.00
03/06/2013;1.207.372
04/06/2013;121.04.00
05/06/2013;121.09.00
06/06/2013;1.189.699
07/06/2013;111.00.00
08/06/2013;1.078.924
09/06/2013;1.004.374
10/06/2013;106.35.00
11/06/2013;109.00.00
12/06/2013;1.087.759
13/06/2013;103.949
14/06/2013;100.00.00
15/06/2013;99.08.00
16/06/2013;99.09.00
17/06/2013;101.95
18/06/2013;107.35.00
19/06/2013;108.251
20/06/2013;111.29.00
21/06/2013;109.05.00
22/06/2013;108.02.00
23/06/2013;107.09.00
24/06/2013;102.09.00
25/06/2013;1.033.293
26/06/2013;104.00.00
27/06/2013;1.017.368
28/06/2013;94.66
29/06/2013;94.999
30/06/2013;97.51.00
01/07/2013;846.069
02/07/2013;876.562
03/07/2013;768.901
04/07/2013;77.685
05/07/2013;66.34.00
06/07/2013;66.855
07/07/2013;725.053
08/07/2013;74.56.00
09/07/2013;74.225
10/07/2013;84.515
11/07/2013;91.22.00
12/07/2013;88.465
13/07/2013;913.888
14/07/2013;903.713
15/07/2013;93.14.00
16/07/2013;927.415
17/07/2013;905.425
18/07/2013;854.298
19/07/2013;857.775
20/07/2013;856.675
21/07/2013;854.725
22/07/2013;860.862
23/07/2013;869.389
24/07/2013;874.575
25/07/2013;89.41.00
26/07/2013;906.325
27/07/2013;890.975
28/07/2013;92.01.00
29/07/2013;932.981
30/07/2013;96.31.00
31/07/2013;97.915
01/08/2013;964.175
02/08/2013;97.24.00
03/08/2013;96.66
04/08/2013;96.06.00
05/08/2013;96.92
06/08/2013;971.331
07/08/2013;96.92
08/08/2013;94.775
09/08/2013;93.36.00
10/08/2013;932.875
11/08/2013;941.625
12/08/2013;95.085
13/08/2013;979.021
14/08/2013;97.96
15/08/2013;97.545
16/08/2013;98.33.00
17/08/2013;99.565
18/08/2013;98.845
19/08/2013;1.022.997
20/08/2013;1.050.125
21/08/2013;111.445
22/08/2013;109.73
23/08/2013;1.075.475
24/08/2013;1.086.875
25/08/2013;111.795
26/08/2013;112.23.00
27/08/2013;1.174.461
28/08/2013;117.59.00
29/08/2013;1.175.227
30/08/2013;1.232.332
31/08/2013;129.46.00
01/09/2013;1.282.597
02/09/2013;1.273.648
03/09/2013;1.275.915
04/09/2013;1.205.738
05/09/2013;1.205.333
06/09/2013;116.321
07/09/2013;1.190.547
08/09/2013;116.595
09/09/2013;1.200.188
10/09/2013;121.458
11/09/2013;1.254.518
12/09/2013;1.257.598
13/09/2013;1.265.072
14/09/2013;1.240.813
15/09/2013;1.245.783
16/09/2013;1.250.618
17/09/2013;1.259.683
18/09/2013;1.263.045
19/09/2013;1.241.937
20/09/2013;1.229.008
21/09/2013;1.226.435
22/09/2013;122.651
23/09/2013;1.222.235
24/09/2013;1.225.383
25/09/2013;123.423
26/09/2013;1.234.763
27/09/2013;1.234.983
28/09/2013;1.247.483
29/09/2013;1.251.807
30/09/2013;1.230.983
01/10/2013;1.254.938
02/10/2013;998.135
03/10/2013;1.168.168
04/10/2013;1.212.945
05/10/2013;1.211.398
06/10/2013;1.216.828
07/10/2013;123.245
08/10/2013;1.243.182
09/10/2013;1.258.423
10/10/2013;1.256.982
11/10/2013;1.255.117
12/10/2013;1.265.232
13/10/2013;1.304.155
14/10/2013;1.330.355
15/10/2013;1.386.417
16/10/2013;1.374.188
17/10/2013;142.735
18/10/2013;1.495.947
19/10/2013;1.598.115
20/10/2013;1.630.632
21/10/2013;1.741.772
22/10/2013;1.838.648
23/10/2013;200.62
24/10/2013;1.831.482
25/10/2013;1.781.217
26/10/2013;1.759.008
27/10/2013;1.856.888
28/10/2013;1.878.683
29/10/2013;1.981.932
30/10/2013;1.945.493
31/10/2013;1.982.263
01/11/2013;1.985.098
02/11/2013;2.008.473
03/11/2013;2.076.335
04/11/2013;225.196
05/11/2013;239.29.00
06/11/2013;2.536.933
07/11/2013;2.833.023
08/11/2013;323.767
09/11/2013;3.361.358
10/11/2013;3.119.005
11/11/2013;3.326.263
12/11/2013;3.493.425
13/11/2013;3.932.795
14/11/2013;410.723
15/11/2013;4.091.675
16/11/2013;4.288.238
17/11/2013;476.295
18/11/2013;6.743.768
19/11/2013;5.418.257
20/11/2013;5.726.675
21/11/2013;6.958.668
22/11/2013;7.474.818
23/11/2013;7.766.998
24/11/2013;751.377
25/11/2013;7.786.753
26/11/2013;899.02.00
27/11/2013;9.484.088
28/11/2013;1.037.755
29/11/2013;11.203.971
30/11/2013;11.247.631
01/12/2013;9.469.237
02/12/2013;10.383.485
03/12/2013;10.686.675
04/12/2013;11.472.457
05/12/2013;10.420.267
06/12/2013;8.340.262
07/12/2013;6.944.709
08/12/2013;7.953.968
09/12/2013;8.980.222
10/12/2013;9.899.975
11/12/2013;8.832.617
12/12/2013;8.757.474
13/12/2013;8.982.112
14/12/2013;867.495
15/12/2013;8.794.692
16/12/2013;712.508
17/12/2013;6.838.408
18/12/2013;5.222.288
19/12/2013;6.984.503
20/12/2013;6.228.418
21/12/2013;6.089.638
22/12/2013;6.178.158
23/12/2013;6.731.677
24/12/2013;6.676.203
25/12/2013;6.873.557
26/12/2013;7.652.067
27/12/2013;7.467.232
28/12/2013;7.304.715
29/12/2013;7.450.712
30/12/2013;7.547.645
31/12/2013;7.574.953
01/01/2014;7.704.357
02/01/2014;8.080.485
03/01/2014;830.024
04/01/2014;8.589.833
05/01/2014;9.400.972
06/01/2014;9.513.865
07/01/2014;8.105.833
08/01/2014;8.599.485
09/01/2014;860.895
10/01/2014;8.846.667
11/01/2014;930.905
12/01/2014;8.732.635
13/01/2014;8.579.564
14/01/2014;851.828
15/01/2014;874.713
16/01/2014;8.473.735
17/01/2014;828.222
18/01/2014;8.437.583
19/01/2014;8.786.807
20/01/2014;8.710.483
21/01/2014;8.742.885
22/01/2014;863.95
23/01/2014;8.543.475
24/01/2014;8.251.221
25/01/2014;8.618.516
26/01/2014;8.801.523
27/01/2014;8.145.302
28/01/2014;8.339.395
29/01/2014;8.375.148
30/01/2014;8.458.467
31/01/2014;8.482.875
01/02/2014;8.530.164
02/02/2014;854.375
03/02/2014;8.469.048
04/02/2014;8.420.123
05/02/2014;820.867
06/02/2014;7.836.211
07/02/2014;703.567
08/02/2014;6.769.094
09/02/2014;6.819.371
10/02/2014;6.797.338
11/02/2014;6.694.418
12/02/2014;6.483.835
13/02/2014;5.984.075
14/02/2014;6.566.068
15/02/2014;645.43.00
16/02/2014;6.106.525
17/02/2014;621.494
18/02/2014;6.212.235
19/02/2014;617.71
20/02/2014;5.522.138
21/02/2014;5.690.425
22/02/2014;6.047.473
23/02/2014;6.045.823
24/02/2014;5.453.225
25/02/2014;5.347.108
26/02/2014;5.770.858
27/02/2014;576.698
28/02/2014;5.439.265
01/03/2014;5.637.358
02/03/2014;5.603.045
03/03/2014;6.611.225
04/03/2014;663.598
05/03/2014;6.617.858
06/03/2014;6.587.245
07/03/2014;6.258.278
08/03/2014;615.24.00
09/03/2014;6.331.825
10/03/2014;6.258.285
11/03/2014;6.289.543
12/03/2014;6.313.913
13/03/2014;638.165
14/03/2014;6.267.067
15/03/2014;6.336.652
16/03/2014;6.307.167
17/03/2014;6.212.225
18/03/2014;6.136.315
19/03/2014;6.088.157
20/03/2014;5.865.898
21/03/2014;5.707.705
22/03/2014;5.644.215
23/03/2014;5.613.534
24/03/2014;5.862.718
25/03/2014;5.822.802
26/03/2014;5.790.722
27/03/2014;4.781.595
28/03/2014;5.024.399
29/03/2014;4.931.803
30/03/2014;4.618.695
31/03/2014;4.584.972
01/04/2014;4.787.163
02/04/2014;437.515
03/04/2014;4.470.822
04/04/2014;4.488.792
05/04/2014;4.648.259
06/04/2014;4.607.028
07/04/2014;4.462.195
08/04/2014;4.504.638
09/04/2014;4.401.983
10/04/2014;3.608.407
11/04/2014;4.200.563
12/04/2014;420.66
13/04/2014;4.149.495
14/04/2014;4.576.338
15/04/2014;5.201.233
16/04/2014;5.291.625
17/04/2014;494.04.00
18/04/2014;4.782.312
19/04/2014;5.015.515
20/04/2014;4.973.177
21/04/2014;4.930.921
22/04/2014;484.429
23/04/2014;4.869.317
24/04/2014;5.002.568
25/04/2014;4.596.104
26/04/2014;4.561.395
27/04/2014;4.296.537
28/04/2014;4.370.587
29/04/2014;4.442.533
30/04/2014;4.458.655
01/05/2014;4.562.673
02/05/2014;4.466.438
03/05/2014;4.369.381
04/05/2014;4.340.643
05/05/2014;4.297.242
06/05/2014;426.992
07/05/2014;4.369.605
08/05/2014;435.343
09/05/2014;448.235
10/05/2014;4.527.108
11/05/2014;436.542
12/05/2014;4.384.278
13/05/2014;437.413
14/05/2014;4.417.498
15/05/2014;4.443.162
16/05/2014;4.450.133
17/05/2014;4.463.583
18/05/2014;444.809
19/05/2014;4.443.128
20/05/2014;4.858.305
21/05/2014;4.891.625
22/05/2014;5.260.577
23/05/2014;5.190.392
24/05/2014;5.256.332
25/05/2014;570.095
26/05/2014;5.818.267
27/05/2014;5.696.332
28/05/2014;5.744.547
29/05/2014;5.655.058
30/05/2014;616.47.00
31/05/2014;6.232.567
01/06/2014;6.290.242
02/06/2014;658.786
03/06/2014;665.73
04/06/2014;6.367.837
05/06/2014;6.560.598
06/06/2014;6.455.647
07/06/2014;6.527.083
08/06/2014;6.536.402
09/06/2014;645.341
10/06/2014;6.498.068
11/06/2014;6.279.098
12/06/2014;5.818.033
13/06/2014;5.974.267
14/06/2014;5.716.902
15/06/2014;5.919.718
16/06/2014;588.06.00
17/06/2014;6.073.427
18/06/2014;6.048.752
19/06/2014;5.922.648
20/06/2014;5.885.215
21/06/2014;5.910.298
22/06/2014;5.988.765
23/06/2014;5.874.598
24/06/2014;5.750.667
25/06/2014;5.621.263
26/06/2014;5.793.842
27/06/2014;6.008.645
28/06/2014;591.994
29/06/2014;5.986.032
30/06/2014;6.393.623
01/07/2014;6.355.905
02/07/2014;647.34.00
03/07/2014;6.406.879
04/07/2014;6.269.575
05/07/2014;6.283.313
06/07/2014;6.317.065
07/07/2014;6.179.918
08/07/2014;6.202.193
09/07/2014;6.205.496
10/07/2014;6.151.129
11/07/2014;6.311.804
12/07/2014;6.344.775
13/07/2014;6.275.759
14/07/2014;6.183.798
15/07/2014;6.193.558
16/07/2014;6.152.039
17/07/2014;6.226.234
18/07/2014;6.282.156
19/07/2014;6.258.011
20/07/2014;6.213.725
21/07/2014;6.200.103
22/07/2014;6.188.076
23/07/2014;6.179.274
24/07/2014;6.000.065
25/07/2014;599.928
26/07/2014;5.938.526
27/07/2014;5.909.454
28/07/2014;5.846.931
29/07/2014;5.822.034
30/07/2014;564.37.00
31/07/2014;5.813.501
01/08/2014;5.950.845
02/08/2014;5.872.878
03/08/2014;5.855.078
04/08/2014;5.867.639
05/08/2014;5.831.125
06/08/2014;5.830.355
07/08/2014;5.873.971
08/08/2014;5.905.324
09/08/2014;588.095
10/08/2014;589.45.00
11/08/2014;5.733.066
12/08/2014;5.682.099
13/08/2014;5.445.681
14/08/2014;5.085.536
15/08/2014;4.966.164
16/08/2014;5.198.314
17/08/2014;4.929.513
18/08/2014;4.606.719
19/08/2014;486.736
20/08/2014;5.119.259
21/08/2014;5.161.605
22/08/2014;5.139.419
23/08/2014;4.972.185
24/08/2014;5.085.735
25/08/2014;5.016.296
26/08/2014;5.134.704
27/08/2014;510.43.00
28/08/2014;5.070.154
29/08/2014;5.084.224
30/08/2014;5.012.031
31/08/2014;4.780.734
01/09/2014;4.741.346
02/09/2014;4.753.181
03/09/2014;474.537
04/09/2014;4.890.865
05/09/2014;480.501
06/09/2014;4.822.371
07/09/2014;4.794.833
08/09/2014;4.721.479
09/09/2014;4.715.576
10/09/2014;4.775.273
11/09/2014;4.763.349
12/09/2014;4.738.254
13/09/2014;4.770.861
14/09/2014;474.715
15/09/2014;4.713.586
16/09/2014;4.637.388
17/09/2014;4.549.143
18/09/2014;4.214.594
19/09/2014;3.919.439
20/09/2014;4.068.248
21/09/2014;396.567
22/09/2014;3.988.854
23/09/2014;4.353.779
24/09/2014;4.222.984
25/09/2014;4.087.985
26/09/2014;4.019.203
27/09/2014;3.983.571
28/09/2014;3.761.983
29/09/2014;3.747.344
30/09/2014;3.862.687
01/10/2014;3.813.324
02/10/2014;3.719.859
03/10/2014;3.565.566
04/10/2014;3.254.921
05/10/2014;3.196.406
06/10/2014;3.284.594
07/10/2014;3.340.911
08/10/2014;3.527.889
09/10/2014;3.637.751
10/10/2014;3.586.859
11/10/2014;3.592.029
12/10/2014;3.761.891
13/10/2014;388.377
14/10/2014;3.987.068
15/10/2014;3.918.433
16/10/2014;3.800.801
17/10/2014;3.804.216
18/10/2014;3.889.618
19/10/2014;3.865.889
20/10/2014;3.793.713
21/10/2014;382.377
22/10/2014;3.790.963
23/10/2014;3.558.614
24/10/2014;3.551.695
25/10/2014;3.461.126
26/10/2014;3.515.414
27/10/2014;3.489.613
28/10/2014;3.518.971
29/10/2014;3.333.788
30/10/2014;3.437.828
31/10/2014;3.367.995
01/11/2014;3.253.865
02/11/2014;3.237.426
03/11/2014;3.242.303
04/11/2014;3.282.833
05/11/2014;337.139
06/11/2014;348.235
07/11/2014;3.410.795
08/11/2014;344.034
09/11/2014;3.633.062
10/11/2014;3.652.897
11/11/2014;3.669.933
12/11/2014;4.272.403
13/11/2014;4.171.528
14/11/2014;3.984.273
15/11/2014;3.751.288
16/11/2014;3.885.542
17/11/2014;3.858.593
18/11/2014;372.377
19/11/2014;3.772.368
20/11/2014;3.561.388
21/11/2014;3.488.617
22/11/2014;3.520.417
23/11/2014;3.667.687
24/11/2014;3.752.355
25/11/2014;3.757.174
26/11/2014;3.685.104
27/11/2014;3.691.426
28/11/2014;3.758.489
29/11/2014;3.752.228
30/11/2014;3.770.901
01/12/2014;3.786.444
02/12/2014;3.815.364
03/12/2014;3.749.728
04/12/2014;369.155
05/12/2014;3.760.361
06/12/2014;3.740.196
07/12/2014;3.742.558
08/12/2014;3.609.419
09/12/2014;3.512.694
10/12/2014;3.446.171
11/12/2014;3.471.331
12/12/2014;3.509.412
13/12/2014;3.474.713
14/12/2014;3.511.439
15/12/2014;3.450.961
16/12/2014;3.260.815
17/12/2014;3.191.713
18/12/2014;3.107.458
19/12/2014;317.006
20/12/2014;3.295.742
21/12/2014;3.192.411
22/12/2014;3.306.709
23/12/2014;3.340.467
24/12/2014;3.218.843
25/12/2014;3.186.118
26/12/2014;3.271.582
27/12/2014;315.167
28/12/2014;3.167.959
29/12/2014;3.124.412
30/12/2014;3.098.708
31/12/2014;3.196.958
01/01/2015;3.139.247
02/01/2015;3.145.916
03/01/2015;2.798.507
04/01/2015;2.636.343
05/01/2015;2.729.486
06/01/2015;2.855.759
07/01/2015;2.948.778
08/01/2015;2.832.513
09/01/2015;2.888.441
10/01/2015;2.740.668
11/01/2015;2.653.692
12/01/2015;2.670.873
13/01/2015;2.269.823
14/01/2015;1.772.795
15/01/2015;2.104.636
16/01/2015;2.072.243
17/01/2015;199.625
18/01/2015;209.932
19/01/2015;2.139.783
20/01/2015;2.104.817
21/01/2015;2.259.816
22/01/2015;2.326.616
23/01/2015;2.329.673
24/01/2015;2.479.855
25/01/2015;2.545.073
26/01/2015;2.719.491
27/01/2015;2.620.605
28/01/2015;2.332.087
29/01/2015;2.324.048
30/01/2015;2.265.033
31/01/2015;2.169.137
01/02/2015;2.263.959
02/02/2015;2.375.409
03/02/2015;2.269.566
04/02/2015;2.267.291
05/02/2015;2.167.714
06/02/2015;2.224.823
07/02/2015;2.273.275
08/02/2015;2.228.677
09/02/2015;2.201.743
10/02/2015;2.200.829
11/02/2015;2.194.922
12/02/2015;2.218.513
13/02/2015;2.357.869
14/02/2015;2.574.741
15/02/2015;2.343.292
16/02/2015;2.335.618
17/02/2015;2.435.983
18/02/2015;2.362.137
19/02/2015;239.835
20/02/2015;2.437.756
21/02/2015;2.442.557
22/02/2015;2.355.299
23/02/2015;2.380.845
24/02/2015;2.387.601
25/02/2015;2.372.513
26/02/2015;2.360.951
27/02/2015;2.525.111
28/02/2015;2.535.283
01/03/2015;2.587.425
02/03/2015;2.713.525
03/03/2015;2.814.497
04/03/2015;2.719.222
05/03/2015;274.865
06/03/2015;2.722.111
07/03/2015;2.758.898
08/03/2015;2.744.754
09/03/2015;2.885.161
10/03/2015;290.512
11/03/2015;2.958.301
12/03/2015;2.938.671
13/03/2015;2.842.838
14/03/2015;2.813.615
15/03/2015;2.853.415
16/03/2015;2.903.763
17/03/2015;2.844.553
18/03/2015;2.553.662
19/03/2015;2.597.404
20/03/2015;260.838
21/03/2015;2.596.162
22/03/2015;2.677.968
23/03/2015;2.659.432
24/03/2015;2.454.422
25/03/2015;2.461.339
26/03/2015;247.648
27/03/2015;2.465.814
28/03/2015;252.252
29/03/2015;2.420.165
30/03/2015;246.852
31/03/2015;2.433.894
01/04/2015;2.465.548
02/04/2015;2.522.566
03/04/2015;2.535.439
04/04/2015;2.531.206
05/04/2015;2.599.451
06/04/2015;2.545.187
07/04/2015;2.527.965
08/04/2015;2.443.604
09/04/2015;2.432.604
10/04/2015;2.352.201
11/04/2015;236.117
12/04/2015;2.356.352
13/04/2015;2.234.056
14/04/2015;2.182.741
15/04/2015;2.235.659
16/04/2015;228.107
17/04/2015;2.222.325
18/04/2015;222.843
19/04/2015;2.216.913
20/04/2015;2.243.076
21/04/2015;235.815
22/04/2015;233.923
23/04/2015;2.355.616
24/04/2015;230.786
25/04/2015;2.258.529
26/04/2015;218.815
27/04/2015;2.284.994
28/04/2015;2.256.763
29/04/2015;2.259.764
30/04/2015;2.365.704
01/05/2015;2.321.241
02/05/2015;2.349.045
03/05/2015;2.401.203
04/05/2015;2.387.688
05/05/2015;2.365.532
06/05/2015;2.300.478
07/05/2015;2.377.829
08/05/2015;2.433.946
09/05/2015;2.404.825
10/05/2015;2.396.312
11/05/2015;2.418.539
12/05/2015;240.99
13/05/2015;2.357.981
14/05/2015;236.739
15/05/2015;2.373.101
16/05/2015;2.357.265
17/05/2015;2.360.996
18/05/2015;2.328.655
19/05/2015;2.319.434
20/05/2015;2.342.455
21/05/2015;2.353.048
22/05/2015;240.519
23/05/2015;2.390.331
24/05/2015;2.411.864
25/05/2015;2.374.879
26/05/2015;2.373.271
27/05/2015;2.371.847
28/05/2015;2.374.716
29/05/2015;2.371.049
30/05/2015;2.332.939
31/05/2015;2.299.992
01/06/2015;2.233.086
02/06/2015;2.257.461
03/06/2015;2.256.452
04/06/2015;224.371
05/06/2015;2.250.357
06/06/2015;2.256.791
07/06/2015;2.233.896
08/06/2015;2.286.452
09/06/2015;2.293.327
10/06/2015;2.289.521
11/06/2015;2.300.189
12/06/2015;2.302.041
13/06/2015;2.327.533
14/06/2015;2.338.536
15/06/2015;2.373.096
16/06/2015;2.508.977
17/06/2015;2.491.681
18/06/2015;2.488.732
19/06/2015;243.547
20/06/2015;2.452.612
21/06/2015;244.01.00
22/06/2015;246.77
23/06/2015;2.439.862
24/06/2015;2.402.155
25/06/2015;242.422
26/06/2015;2.426.424
27/06/2015;2.507.066
28/06/2015;2.480.673
29/06/2015;2.564.875
30/06/2015;2.624.843
01/07/2015;2.576.604
02/07/2015;2.543.505
03/07/2015;2.555.961
04/07/2015;2.603.488
05/07/2015;2.710.153
06/07/2015;2.684.935
07/07/2015;2.649.566
08/07/2015;2.696.459
09/07/2015;2.681.134
10/07/2015;283.881
11/07/2015;2.916.873
12/07/2015;3.099.778
13/07/2015;2.908.811
14/07/2015;2.861.856
15/07/2015;2.838.231
16/07/2015;2.778.273
17/07/2015;2.784.883
18/07/2015;2.744.938
19/07/2015;2.724.889
20/07/2015;2.784.139
21/07/2015;2.750.995
22/07/2015;2.766.174
23/07/2015;2.756.266
24/07/2015;2.879.738
25/07/2015;2.881.343
26/07/2015;2.916.372
27/07/2015;2.927.306
28/07/2015;2.937.851
29/07/2015;2.887.681
30/07/2015;2.872.898
31/07/2015;2.839.417
01/08/2015;2.800.371
02/08/2015;281.65
03/08/2015;2.804.796
04/08/2015;2.845.033
05/08/2015;2.813.783
06/08/2015;2.782.516
07/08/2015;2.790.303
08/08/2015;260.02.00
09/08/2015;2.644.388
10/08/2015;2.637.615
11/08/2015;2.709.167
12/08/2015;2.656.418
13/08/2015;2.633.371
14/08/2015;2.648.686
15/08/2015;2.607.343
16/08/2015;2.576.735
17/08/2015;256.984
18/08/2015;2.190.045
19/08/2015;2.253.944
20/08/2015;2.346.873
21/08/2015;2.319.406
22/08/2015;2.297.444
23/08/2015;227.589
24/08/2015;2.091.322
25/08/2015;2.217.118
26/08/2015;2.253.798
27/08/2015;224.261
28/08/2015;2.309.825
29/08/2015;2.297.562
30/08/2015;2.286.088
31/08/2015;2.300.173
01/09/2015;2.273.469
02/09/2015;2.288.551
03/09/2015;226.765
04/09/2015;2.300.851
05/09/2015;2.346.771
06/09/2015;2.394.383
07/09/2015;2.400.202
08/09/2015;2.435.473
09/09/2015;2.382.916
10/09/2015;2.385.896
11/09/2015;2.400.838
12/09/2015;2.348.185
13/09/2015;230.328
14/09/2015;2.302.406
15/09/2015;2.299.241
16/09/2015;2.287.976
17/09/2015;2.327.924
18/09/2015;2.327.167
19/09/2015;2.312.382
20/09/2015;2.308.605
21/09/2015;2.266.056
22/09/2015;2.305.237
23/09/2015;2.299.556
24/09/2015;2.342.833
25/09/2015;2.348.379
26/09/2015;2.342.083
27/09/2015;2.328.486
28/09/2015;2.393.428
29/09/2015;2.366.214
30/09/2015;2.362.455
01/10/2015;2.375.698
02/10/2015;2.374.021
03/10/2015;2.390.891
04/10/2015;2.386.874
05/10/2015;2.405.872
06/10/2015;2.464.218
07/10/2015;2.432.664
08/10/2015;2.426.905
09/10/2015;2.443.213
10/10/2015;2.453.313
11/10/2015;2.475.253
12/10/2015;2.455.856
13/10/2015;2.499.352
14/10/2015;2.525.949
15/10/2015;2.548.133
16/10/2015;2.629.353
17/10/2015;2.712.039
18/10/2015;2.629.003
19/10/2015;2.644.158
20/10/2015;2.702.188
21/10/2015;2.673.272
22/10/2015;2.744.108
23/10/2015;2.774.554
24/10/2015;2.826.605
25/10/2015;2.830.717
26/10/2015;2.861.325
27/10/2015;2.943.998
28/10/2015;3.038.866
29/10/2015;3.135.861
30/10/2015;3.260.045
31/10/2015;3.124.321
01/11/2015;325.082
02/11/2015;3.593.523
03/11/2015;4.007.063
04/11/2015;4.087.414
05/11/2015;387.51.00
06/11/2015;374.95
07/11/2015;384.08.00
08/11/2015;373.487
09/11/2015;380.043
10/11/2015;337.932
11/11/2015;312.578
12/11/2015;336.856
13/11/2015;337.292
14/11/2015;333.553
15/11/2015;3.199.283
16/11/2015;331.59.00
17/11/2015;335.77
18/11/2015;334.973
19/11/2015;326.315
20/11/2015;321.988
21/11/2015;327.174
22/11/2015;324.344
23/11/2015;323.257
24/11/2015;320.161
25/11/2015;328.983
26/11/2015;353.304
27/11/2015;358.185
28/11/2015;357.663
29/11/2015;371.864
30/11/2015;376.907
01/12/2015;362.729
02/12/2015;359.43.00
03/12/2015;361.308
04/12/2015;3.634.825
05/12/2015;388.861
06/12/2015;388.458
07/12/2015;395.865
08/12/2015;418.136
09/12/2015;418.036
10/12/2015;415.252
11/12/2015;453.09.00
12/12/2015;435.897
13/12/2015;433.537
14/12/2015;443.839
15/12/2015;465.502
16/12/2015;455.375
17/12/2015;455.987
18/12/2015;463.844
19/12/2015;462.226
20/12/2015;442.496
21/12/2015;437.761
22/12/2015;435.05.00
23/12/2015;442.839
24/12/2015;454.848
25/12/2015;455.312
26/12/2015;417.216
27/12/2015;422.523
28/12/2015;421.265
29/12/2015;432.618
30/12/2015;426.145
31/12/2015;430.05.00
01/01/2016;434.463
02/01/2016;433.586
03/01/2016;430.361
04/01/2016;433.493
05/01/2016;432.253
06/01/2016;429.464
07/01/2016;458.28.00
08/01/2016;453.37.00
09/01/2016;449.143
10/01/2016;448.964
11/01/2016;448.385
12/01/2016;432.884
13/01/2016;432.04.00
14/01/2016;429.729
15/01/2016;358.766
16/01/2016;387.665
17/01/2016;380.208
18/01/2016;385.844
19/01/2016;377.745
20/01/2016;418.742
21/01/2016;409.945
22/01/2016;381.761
23/01/2016;386.191
24/01/2016;402.61
25/01/2016;390.663
26/01/2016;391.43.00
27/01/2016;394.629
28/01/2016;379.384
29/01/2016;378.02.00
30/01/2016;376.937
31/01/2016;367.135
01/02/2016;371.248
02/02/2016;372.877
03/02/2016;368.933
04/02/2016;388.612
05/02/2016;385.338
06/02/2016;375.405
07/02/2016;375.284
08/02/2016;371.101
09/02/2016;373.321
10/02/2016;379.96
11/02/2016;377.72
12/02/2016;383.126
13/02/2016;392.182
14/02/2016;406.738
15/02/2016;399.485
16/02/2016;407.361
17/02/2016;415.561
18/02/2016;421.637
19/02/2016;420.334
20/02/2016;436.517
21/02/2016;438.985
22/02/2016;438.072
23/02/2016;419.981
24/02/2016;424.362
25/02/2016;423.517
26/02/2016;432.064
27/02/2016;432.138
28/02/2016;432.64
29/02/2016;436.608
01/03/2016;433.637
02/03/2016;421.598
03/03/2016;419.466
04/03/2016;407.982
05/03/2016;397.833
06/03/2016;404.55.00
07/03/2016;412.982
08/03/2016;411.758
09/03/2016;412.618
10/03/2016;416.16.00
11/03/2016;419.887
12/03/2016;410.132
13/03/2016;412.291
14/03/2016;415.091
15/03/2016;415.383
16/03/2016;416.253
17/03/2016;418.452
18/03/2016;408.036
19/03/2016;408.52.00
20/03/2016;410.751
21/03/2016;411.423
22/03/2016;416.926
23/03/2016;417.386
24/03/2016;414.341
25/03/2016;415.687
26/03/2016;416.73
27/03/2016;425.378
28/03/2016;422.756
29/03/2016;415.553
30/03/2016;412.69
31/03/2016;415.161
01/04/2016;417.009
02/04/2016;419.686
03/04/2016;419.385
04/04/2016;419.416
05/04/2016;422.653
06/04/2016;421.07.00
07/04/2016;421.204
08/04/2016;418.089
09/04/2016;418.419
10/04/2016;421.111
11/04/2016;422.99
12/04/2016;425.99
13/04/2016;424.401
14/04/2016;425.106
15/04/2016;429.98
16/04/2016;430.837
17/04/2016;427.862
18/04/2016;429.054
19/04/2016;436.105
20/04/2016;442.156
21/04/2016;451.102
22/04/2016;447.636
23/04/2016;452.584
24/04/2016;460.327
25/04/2016;462.51.00
26/04/2016;467.803
27/04/2016;445.012
28/04/2016;449.856
29/04/2016;456.35.00
30/04/2016;449.333
01/05/2016;453.042
02/05/2016;444.513
03/05/2016;450.274
04/05/2016;446.962
05/05/2016;448.527
06/05/2016;460.374
07/05/2016;459.465
08/05/2016;459.437
09/05/2016;461.491
10/05/2016;450.987
11/05/2016;452.113
12/05/2016;454.818
13/05/2016;455.735
14/05/2016;455.753
15/05/2016;457.848
16/05/2016;453.41.00
17/05/2016;452.746
18/05/2016;453.378
19/05/2016;436.729
20/05/2016;442.953
21/05/2016;443.135
22/05/2016;438.773
23/05/2016;443.734
24/05/2016;445.13.00
25/05/2016;449.234
26/05/2016;453.819
27/05/2016;473.467
28/05/2016;525.433
29/05/2016;524.083
30/05/2016;532.586
31/05/2016;531.797
01/06/2016;536.424
02/06/2016;538.145
03/06/2016;570.471
04/06/2016;573.45.00
05/06/2016;574.106
06/06/2016;585.531
07/06/2016;577.856
08/06/2016;583.105
09/06/2016;576.454
10/06/2016;579.131
11/06/2016;611.777
12/06/2016;675.343
13/06/2016;705.619
14/06/2016;685.989
15/06/2016;696.323
16/06/2016;768.242
17/06/2016;747.554
18/06/2016;755.684
19/06/2016;764.045
20/06/2016;727.949
21/06/2016;665.876
22/06/2016;602.887
23/06/2016;625.495
24/06/2016;665.162
25/06/2016;665.329
26/06/2016;630.246
27/06/2016;658.399
28/06/2016;646.304
29/06/2016;639.082
30/06/2016;672.485
01/07/2016;676.523
02/07/2016;703.686
03/07/2016;659.688
04/07/2016;681.63
05/07/2016;668.092
06/07/2016;676.113
07/07/2016;639.761
08/07/2016;664.743
09/07/2016;650.627
10/07/2016;649.962
11/07/2016;649.027
12/07/2016;664.839
13/07/2016;653.934
14/07/2016;659.636
15/07/2016;664.876
16/07/2016;663.541
17/07/2016;679.051
18/07/2016;673.594
19/07/2016;673.843
20/07/2016;666.18.00
21/07/2016;665.099
22/07/2016;650.822
23/07/2016;654.862
24/07/2016;661.05.00
25/07/2016;655.135
26/07/2016;651.077
27/07/2016;655.442
28/07/2016;655.627
29/07/2016;656.669
30/07/2016;654.976
31/07/2016;625.881
01/08/2016;607.374
02/08/2016;552.821
03/08/2016;5.652.638
04/08/2016;5.783.213
05/08/2016;5.749.563
06/08/2016;5.884.225
07/08/2016;592.78
08/08/2016;5.906.225
09/08/2016;5.847.588
10/08/2016;5.928.925
11/08/2016;586.525
12/08/2016;5.860.263
13/08/2016;5.850.813
14/08/2016;5.714.438
15/08/2016;5.672.025
16/08/2016;5.762.488
17/08/2016;571.745
18/08/2016;5.725.025
19/08/2016;5.736.638
20/08/2016;5.807.025
21/08/2016;580.69
22/08/2016;5.847.325
23/08/2016;5.812.813
24/08/2016;577.995
25/08/2016;5.757.338
26/08/2016;5.781.563
27/08/2016;5.686.663
28/08/2016;573.555
29/08/2016;5.723.613
30/08/2016;5.759.988
31/08/2016;5.723.338
01/09/2016;5.716.938
02/09/2016;5.741.475
03/09/2016;5.983.838
04/09/2016;6.089.175
05/09/2016;6.060.275
06/09/2016;611.07.00
07/09/2016;6.147.875
08/09/2016;6.249.488
09/09/2016;6.217.963
10/09/2016;6.222.125
11/09/2016;6.058.088
12/09/2016;6.063.075
13/09/2016;6.069.213
14/09/2016;608.22.00
15/09/2016;605.21.00
16/09/2016;6.063.338
17/09/2016;6.052.938
18/09/2016;6.086.988
19/09/2016;6.085.275
20/09/2016;5.994.738
21/09/2016;5.957.988
22/09/2016;595.035
23/09/2016;6.017.138
24/09/2016;6.013.413
25/09/2016;5.991.763
26/09/2016;6.068.125
27/09/2016;6.047.625
28/09/2016;6.035.188
29/09/2016;6.050.588
30/09/2016;6.084.375
01/10/2016;6.139.338
02/10/2016;6.102.913
03/10/2016;6.123.375
04/10/2016;609.375
05/10/2016;610.885
06/10/2016;610.09.00
07/10/2016;6.164.888
08/10/2016;6.165.963
09/10/2016;6.146.238
10/10/2016;6.174.225
11/10/2016;6.393.738
12/10/2016;6.350.813
13/10/2016;635.02.00
14/10/2016;6.383.675
15/10/2016;6.373.713
16/10/2016;6.398.275
17/10/2016;636.92
18/10/2016;6.355.088
19/10/2016;6.281.538
20/10/2016;6.286.225
21/10/2016;6.301.538
22/10/2016;652.715
23/10/2016;649.245
24/10/2016;6.483.988
25/10/2016;652.895
26/10/2016;6.743.575
27/10/2016;686.52.00
28/10/2016;6.880.963
29/10/2016;712.87
30/10/2016;6.963.538
31/10/2016;6.973.688
01/11/2016;7.292.713
02/11/2016;742.465
03/11/2016;6.875.075
04/11/2016;7.025.375
05/11/2016;7.041.638
06/11/2016;7.122.363
07/11/2016;7.040.188
08/11/2016;7.091.525
09/11/2016;7.211.913
10/11/2016;7.136.675
11/11/2016;7.165.563
12/11/2016;7.035.463
13/11/2016;7.025.038
14/11/2016;706.395
15/11/2016;7.119.563
16/11/2016;742.07.00
17/11/2016;7.354.063
18/11/2016;7.496.775
19/11/2016;7.506.325
20/11/2016;7.286.075
21/11/2016;7.367.163
22/11/2016;748.225
23/11/2016;7.415.963
24/11/2016;7.363.988
25/11/2016;7.382.775
26/11/2016;7.328.238
27/11/2016;728.425
28/11/2016;7.317.463
29/11/2016;731.765
30/11/2016;7.420.075
01/12/2016;753.255
02/12/2016;7.714.075
03/12/2016;7.649.725
04/12/2016;7.664.638
05/12/2016;7.507.088
06/12/2016;758.81
07/12/2016;7.638.975
08/12/2016;7.667.513
09/12/2016;770.415
10/12/2016;7.732.113
11/12/2016;7.686.213
12/12/2016;7.779.113
13/12/2016;775.25.00
14/12/2016;7.766.363
15/12/2016;775.48.00
16/12/2016;780.85
17/12/2016;7.885.763
18/12/2016;7.885.888
19/12/2016;7.901.563
20/12/2016;798.785
21/12/2016;8.331.025
22/12/2016;8.587.363
23/12/2016;9.167.875
24/12/2016;8.942.025
25/12/2016;8.944.825
26/12/2016;9.025.538
27/12/2016;9.311.138
28/12/2016;9.780.088
29/12/2016;969.625
30/12/2016;9.604.713
31/12/2016;9.682.275
01/01/2017;9.976.888
02/01/2017;1018.05.00
03/01/2017;10.308.175
04/01/2017;1129.87
05/01/2017;1.005.815
06/01/2017;895.67
07/01/2017;905.17.00
08/01/2017;9.135.238
09/01/2017;899.35.00
10/01/2017;9.047.925
11/01/2017;7.759.813
12/01/2017;8.028.288
13/01/2017;8.261.213
14/01/2017;8.186.388
15/01/2017;8.224.225
16/01/2017;8.302.638
17/01/2017;9.044.538
18/01/2017;8.842.513
19/01/2017;8.980.213
20/01/2017;8.916.238
21/01/2017;9.200.113
22/01/2017;9.253.313
23/01/2017;9.126.875
24/01/2017;8.856.475
25/01/2017;894.11.00
26/01/2017;915.01.00
27/01/2017;9.185.625
28/01/2017;920.28.00
29/01/2017;9.140.438
30/01/2017;9.202.413
31/01/2017;9.676.675
01/02/2017;9.873.463
02/02/2017;1.007.795
03/02/2017;10.181.113
04/02/2017;10.336.525
05/02/2017;10.139.938
06/02/2017;10.246.125
07/02/2017;10.525.388
08/02/2017;10.543.438
09/02/2017;9.889.475
10/02/2017;9.930.788
11/02/2017;10.100.025
12/02/2017;9.995.125
13/02/2017;9.968.575
14/02/2017;10.092.513
15/02/2017;10.091.163
16/02/2017;10.340.825
17/02/2017;10.531.225
18/02/2017;10.584.063
19/02/2017;10.528.175
20/02/2017;10.832.413
21/02/2017;11.236.563
22/02/2017;1.122.195
23/02/2017;1.178.384
24/02/2017;1.180.918
25/02/2017;1.151.581
26/02/2017;1.179.968
27/02/2017;1.194.278
28/02/2017;1.190.888
01/03/2017;1.230.016
02/03/2017;1.260.924
03/03/2017;1.290.786
04/03/2017;1267.68
05/03/2017;1.277.685
06/03/2017;1.280.868
07/03/2017;1.232.431
08/03/2017;1.150.481
09/03/2017;1.191.815
10/03/2017;1.117.025
11/03/2017;1.181.645
12/03/2017;1.229.505
13/03/2017;1.243.242
14/03/2017;1.246.309
15/03/2017;1.259.601
16/03/2017;1.172.909
17/03/2017;1.070.128
18/03/2017;970.598
19/03/2017;1017.08.00
20/03/2017;1.041.343
21/03/2017;1.115.039
22/03/2017;1037.44.00
23/03/2017;1029.95
24/03/2017;935.946
25/03/2017;964.692
26/03/2017;965.229
27/03/2017;1.040.491
28/03/2017;1.044.251
29/03/2017;1.040.392
30/03/2017;1.037.527
31/03/2017;1.079.748
01/04/2017;1.089.511
02/04/2017;1.098.776
03/04/2017;1.147.631
04/04/2017;1.143.746
05/04/2017;1.134.998
06/04/2017;1.190.597
07/04/2017;1.193.019
08/04/2017;1.184.824
09/04/2017;1.210.055
10/04/2017;1.213.339
11/04/2017;1.224.767
12/04/2017;1.216.505
13/04/2017;1.178.533
14/04/2017;1183.44.00
15/04/2017;1.180.699
16/04/2017;1.184.787
17/04/2017;1.203.731
18/04/2017;1.217.596
19/04/2017;1.226.939
20/04/2017;1.255.403
21/04/2017;1.257.135
22/04/2017;1.244.375
23/04/2017;12.482.175
24/04/2017;1.248.325
25/04/2017;1.263.545
26/04/2017;1.284.845
27/04/2017;1329.19.00
28/04/2017;13.200.513
29/04/2017;13.270.388
30/04/2017;13.479.588
01/05/2017;14.020.838
02/05/2017;14.436.825
03/05/2017;14.919.988
04/05/2017;15.156.288
05/05/2017;15.122.088
06/05/2017;15.482.863
07/05/2017;15.554.713
08/05/2017;16.393.225
09/05/2017;17.069.313
10/05/2017;17.568.025
11/05/2017;18.073.725
12/05/2017;16.769.938
13/05/2017;17.599.613
14/05/2017;17.724.163
15/05/2017;16.973.788
16/05/2017;17.182.013
17/05/2017;18.021.638
18/05/2017;18.873.263
19/05/2017;19.681.025
20/05/2017;2.051.735
21/05/2017;20.556.175
22/05/2017;21.390.275
23/05/2017;22.914.775
24/05/2017;24.762.963
25/05/2017;23.575.038
26/05/2017;22.474.825
27/05/2017;21.063.075
28/05/2017;22.075.775
29/05/2017;2289.87
30/05/2017;21.972.338
31/05/2017;23.302.338
01/06/2017;24.521.813
02/06/2017;25.174.088
03/06/2017;25.556.538
04/06/2017;25.528.088
05/06/2017;2.736.595
06/06/2017;29.140.825
07/06/2017;26.942.188
08/06/2017;28.250.313
09/06/2017;2826.07.00
10/06/2017;2.942.345
11/06/2017;3.018.545
12/06/2017;2.682.595
13/06/2017;27.389.313
14/06/2017;2.494.485
15/06/2017;24.569.238
16/06/2017;25.281.025
17/06/2017;26.639.975
18/06/2017;25.761.713
19/06/2017;2.641.665
20/06/2017;27.788.275
21/06/2017;27.121.575
22/06/2017;2740.79
23/06/2017;2.738.225
24/06/2017;26.191.188
25/06/2017;25.944.538
26/06/2017;24.853.588
27/06/2017;2593.17.00
28/06/2017;25.845.638
29/06/2017;25.615.613
30/06/2017;24.999.838
01/07/2017;2460.02.00
02/07/2017;25.297.838
03/07/2017;25.810.663
04/07/2017;26.250.713
05/07/2017;26.292.725
06/07/2017;26.191.125
07/07/2017;25.212.363
08/07/2017;25.799.338
09/07/2017;2.525.675
10/07/2017;2371.96
11/07/2017;23.321.875
12/07/2017;2423.16.00
13/07/2017;23.645.163
14/07/2017;2.232.655
15/07/2017;19.932.588
16/07/2017;19.389.425
17/07/2017;2.244.265
18/07/2017;23.278.975
19/07/2017;2.294.405
20/07/2017;28.773.863
21/07/2017;26.942.913
22/07/2017;2838.81
23/07/2017;27.626.263
24/07/2017;27.790.438
25/07/2017;25.912.163
26/07/2017;2550.18.00
27/07/2017;26.974.725
28/07/2017;28.051.788
29/07/2017;2720.08.00
30/07/2017;27.463.263
31/07/2017;28.738.325
01/08/2017;27.355.875
02/08/2017;2723.58.00
03/08/2017;28.143.613
04/08/2017;28.836.813
05/08/2017;33.017.588
06/08/2017;32.550.025
07/08/2017;34.319.688
08/08/2017;34.531.625
09/08/2017;33.775.438
10/08/2017;3445.28.00
11/08/2017;36.796.075
12/08/2017;39.176.488
13/08/2017;41.111.963
14/08/2017;43.827.413
15/08/2017;4204.43.00
16/08/2017;44.252.963
17/08/2017;4316.34.00
18/08/2017;41.594.575
19/08/2017;42.061.313
20/08/2017;4111.22.00
21/08/2017;40.549.425
22/08/2017;41.376.725
23/08/2017;41.912.175
24/08/2017;4.362.475
25/08/2017;44.083.238
26/08/2017;43.874.613
27/08/2017;4.394.515
28/08/2017;44.396.588
29/08/2017;46.481.338
30/08/2017;46.307.275
31/08/2017;47.648.675
01/09/2017;49.507.238
02/09/2017;4.643.975
03/09/2017;4.631.695
04/09/2017;43.197.213
05/09/2017;44.221.213
06/09/2017;4626.72
07/09/2017;46.380.975
08/09/2017;43.175.375
09/09/2017;4291.88
10/09/2017;4.191.175
11/09/2017;4.188.845
12/09/2017;41.482.675
13/09/2017;38.742.588
14/09/2017;32.264.125
15/09/2017;3686.09.00
16/09/2017;36.787.375
17/09/2017;36.725.663
18/09/2017;40.670.775
19/09/2017;38.969.988
20/09/2017;38.580.888
21/09/2017;36.126.813
22/09/2017;36.033.088
23/09/2017;37.772.938
24/09/2017;3662.12.00
25/09/2017;39.274.988
26/09/2017;38.955.125
27/09/2017;42.085.613
28/09/2017;41.852.925
29/09/2017;41.641.038
30/09/2017;43.530.475
01/10/2017;43.946.388
02/10/2017;44.040.975
03/10/2017;4320.09.00
04/10/2017;42.259.238
05/10/2017;4.322.755
06/10/2017;4.370.245
07/10/2017;44.370.338
08/10/2017;45.969.625
09/10/2017;4.772.975
10/10/2017;47.546.988
11/10/2017;48.307.663
12/10/2017;54.391.338
13/10/2017;56.401.275
14/10/2017;58.096.938
15/10/2017;56.973.917
16/10/2017;57.542.213
17/10/2017;5.595.235
18/10/2017;55.721.988
19/10/2017;56.995.838
20/10/2017;59.840.863
21/10/2017;60.132.288
22/10/2017;59.849.563
23/10/2017;58.952.988
24/10/2017;5518.85
25/10/2017;57.339.038
26/10/2017;5.888.145
27/10/2017;5767.68
28/10/2017;5.732.825
29/10/2017;61.405.313
30/10/2017;6121.08.00
31/10/2017;64.476.675
01/11/2017;67.501.725
02/11/2017;70.300.025
03/11/2017;71.614.513
04/11/2017;73.869.988
05/11/2017;73.824.488
06/11/2017;69.582.113
07/11/2017;71.188.013
08/11/2017;7.458.795
09/11/2017;71.467.813
10/11/2017;65.703.125
11/11/2017;6337.00.00
12/11/2017;58.573.175
13/11/2017;65.176.763
14/11/2017;65.987.688
15/11/2017;72.790.013
16/11/2017;78.439.375
17/11/2017;76.899.088
18/11/2017;7776.94
19/11/2017;80.339.363
20/11/2017;82.382.025
21/11/2017;80.955.938
22/11/2017;82.306.925
23/11/2017;80.026.413
24/11/2017;82.014.613
25/11/2017;8.763.785
26/11/2017;93.265.888
27/11/2017;9.739.055
28/11/2017;99.082.288
29/11/2017;98.163.475
30/11/2017;99.165.363
01/12/2017;108.595.625
02/12/2017;108.950.138
03/12/2017;111.808.875
04/12/2017;11.616.855
05/12/2017;116.960.583
06/12/2017;137.089.913
07/12/2017;16858.02
08/12/2017;16.057.145
09/12/2017;149.134.038
10/12/2017;150.369.563
11/12/2017;166.996.775
12/12/2017;171.781.025
13/12/2017;164.072.025
14/12/2017;165.310.838
15/12/2017;176.019.438
16/12/2017;19343.04
17/12/2017;190.866.438
18/12/2017;189.605.225
19/12/2017;17608.35
20/12/2017;164.547.225
21/12/2017;15561.05
22/12/2017;13.857.145
23/12/2017;14548.71
24/12/2017;139.754.363
25/12/2017;139.170.275
26/12/2017;157.452.575
27/12/2017;15.378.285
28/12/2017;14428.76
29/12/2017;14427.87
30/12/2017;126.298.138
31/12/2017;138.601.363
01/01/2018;13412.44
02/01/2018;147.407.563
03/01/2018;151.346.513
04/01/2018;151.552.263
05/01/2018;169.371.738
06/01/2018;171.358.363
07/01/2018;16.178.495
08/01/2018;149.703.575
09/01/2018;144.394.738
10/01/2018;148.907.225
11/01/2018;13287.26
12/01/2018;13.812.715
13/01/2018;14.188.785
14/01/2018;136.190.288
15/01/2018;135.859.013
16/01/2018;11348.02
17/01/2018;111.412.488
18/01/2018;112.506.475
19/01/2018;11.514.925
20/01/2018;127.596.413
21/01/2018;115.228.588
22/01/2018;10772.15
23/01/2018;108.398.263
24/01/2018;11399.52
25/01/2018;111.372.375
26/01/2018;110.900.638
27/01/2018;114.071.538
28/01/2018;116.944.675
29/01/2018;111.583.938
30/01/2018;100.349.975
31/01/2018;101.665.063
01/02/2018;90.525.763
02/02/2018;8827.63
03/02/2018;92.243.913
04/02/2018;81.866.488
05/02/2018;6914.26.00
06/02/2018;77.003.863
07/02/2018;75.818.038
08/02/2018;82.372.363
09/02/2018;86.898.388
10/02/2018;85.566.125
11/02/2018;80.707.963
12/02/2018;88.912.125
13/02/2018;85.162.438
14/02/2018;9477.84
15/02/2018;100.164.888
16/02/2018;101.787.125
17/02/2018;110.921.475
18/02/2018;10396.63
19/02/2018;111.597.238
20/02/2018;112.282.413
21/02/2018;104.561.725
22/02/2018;98.304.263
23/02/2018;101.494.625
24/02/2018;96.823.825
25/02/2018;9586.46.00
26/02/2018;103.130.825
27/02/2018;105.644.188
28/02/2018;103.096.413
01/03/2018;10907.59
02/03/2018;110.195.213
03/03/2018;114.386.513
04/03/2018;114.797.313
05/03/2018;114.329.825
06/03/2018;107.095.275
07/03/2018;9906.08.00
08/03/2018;92.992.838
09/03/2018;9237.05.00
10/03/2018;87.871.638
11/03/2018;95.327.413
12/03/2018;91.182.713
13/03/2018;91.441.475
14/03/2018;81.968.975
15/03/2018;82.569.938
16/03/2018;82.693.275
17/03/2018;78.621.088
18/03/2018;81.960.225
19/03/2018;85.941.913
20/03/2018;89.159.038
21/03/2018;8895.04.00
22/03/2018;87.128.913
23/03/2018;89.187.438
24/03/2018;85.358.938
25/03/2018;8.449.835
26/03/2018;81.383.363
27/03/2018;77.901.575
28/03/2018;7.937.205
29/03/2018;70.864.875
30/03/2018;68.443.213
31/03/2018;69.260.175
01/04/2018;6816.74
02/04/2018;70.497.938
03/04/2018;74.178.875
04/04/2018;67.893.013
05/04/2018;67.747.513
06/04/2018;66.204.088
07/04/2018;68.962.813
08/04/2018;70.227.088
09/04/2018;67.739.388
10/04/2018;68.309.038
11/04/2018;6939.55.00
12/04/2018;79.163.725
13/04/2018;78.892.313
14/04/2018;80.036.813
15/04/2018;83.570.375
16/04/2018;8.051.345
17/04/2018;7890.15.00
18/04/2018;8163.69
19/04/2018;82.737.413
20/04/2018;88.635.025
21/04/2018;89.175.963
22/04/2018;8792.83
23/04/2018;89.383.038
24/04/2018;96.521.563
25/04/2018;88.640.875
26/04/2018;92.789.975
27/04/2018;89.783.325
28/04/2018;93.424.713
29/04/2018;93.920.313
30/04/2018;92.443.225
01/05/2018;9.067.715
02/05/2018;92.198.638
03/05/2018;9.734.675
04/05/2018;96.927.175
05/05/2018;98.265.975
06/05/2018;96.191.438
07/05/2018;93.625.338
08/05/2018;91.801.588
09/05/2018;9306.00.00
10/05/2018;9.014.615
11/05/2018;8.406.175
12/05/2018;84.676.563
13/05/2018;86.880.288
14/05/2018;86.752.063
15/05/2018;84.742.388
16/05/2018;83.402.988
17/05/2018;80.586.038
18/05/2018;8.240.725
19/05/2018;82.341.525
20/05/2018;85.208.125
21/05/2018;83.952.325
22/05/2018;79.835.175
23/05/2018;75.025.588
24/05/2018;75.786.913
25/05/2018;74.606.938
26/05/2018;73.341.638
27/05/2018;73.449.675
28/05/2018;71.056.725
29/05/2018;74.605.838
30/05/2018;7375.67
31/05/2018;74.871.875
01/06/2018;7.518.245
02/06/2018;76.361.938
03/06/2018;7.711.365
04/06/2018;7490.59.00
05/06/2018;76.168.913
06/06/2018;76.559.788
07/06/2018;76.880.038
08/06/2018;76.161.025
09/06/2018;74.973.438
10/06/2018;67.658.013
11/06/2018;68.771.825
12/06/2018;6548.33.00
13/06/2018;62.995.225
14/06/2018;66.377.388
15/06/2018;64.107.225
16/06/2018;64.858.688
17/06/2018;64.436.725
18/06/2018;6709.48.00
19/06/2018;67.374.138
20/06/2018;67.583.788
21/06/2018;67.172.025
22/06/2018;60.538.963
23/06/2018;6170.56.00
24/06/2018;61.501.888
25/06/2018;62.474.675
26/06/2018;60.749.175
27/06/2018;61.325.625
28/06/2018;58.482.638
29/06/2018;62.039.013
30/06/2018;63.873.063
01/07/2018;63.478.588
02/07/2018;6613.27.00
03/07/2018;65.049.263
04/07/2018;65.847.663
05/07/2018;6531.02.00
06/07/2018;66.009.863
07/07/2018;67.555.613
08/07/2018;67.041.825
09/07/2018;66.642.063
10/07/2018;6302.49.00
11/07/2018;63.818.725
12/07/2018;62.456.338
13/07/2018;62.176.063
14/07/2018;62.472.275
15/07/2018;63.490.375
16/07/2018;6.726.405
17/07/2018;73.149.425
18/07/2018;73.787.575
19/07/2018;7.470.825
20/07/2018;73.305.363
21/07/2018;74.042.875
22/07/2018;73.962.863
23/07/2018;7717.05.00
24/07/2018;8.397.635
25/07/2018;8166.76
26/07/2018;7929.61
27/07/2018;8.183.025
28/07/2018;8229.96
29/07/2018;8215.56.00
30/07/2018;81.679.988
31/07/2018;77.268.913
01/08/2018;76.037.488
02/08/2018;7535.02.00
03/08/2018;74.155.613
04/08/2018;70.090.888
05/08/2018;70.269.913
06/08/2018;69.370.738
07/08/2018;67.172.088
08/08/2018;6280.58.00
09/08/2018;65.379.025
10/08/2018;6.143.305
11/08/2018;62.333.813
12/08/2018;63.128.338
13/08/2018;6252.37.00
14/08/2018;61.923.063
15/08/2018;62.700.425
16/08/2018;63.142.413
17/08/2018;65.832.388
18/08/2018;63.953.525
19/08/2018;64.857.463
20/08/2018;62.566.063
21/08/2018;64.773.763
22/08/2018;63.575.875
23/08/2018;65.256.088
24/08/2018;66.926.213
25/08/2018;67.325.025
26/08/2018;67.076.325
27/08/2018;69.076.613
28/08/2018;7.076.745
29/08/2018;70.358.125
30/08/2018;6982.04.00
31/08/2018;70.139.738
01/09/2018;71.922.988
02/09/2018;7295.13.00
03/09/2018;72.614.863
04/09/2018;73.584.963
05/09/2018;66.870.125
06/09/2018;64.986.188
07/09/2018;63.962.688
08/09/2018;6183.38.00
09/09/2018;6238.54.00
10/09/2018;63.055.738
11/09/2018;62.829.213
12/09/2018;6328.93
13/09/2018;64.866.213
14/09/2018;6.492.375
15/09/2018;65.158.988
16/09/2018;64.973.663
17/09/2018;6251.16.00
18/09/2018;63.341.963
19/09/2018;63.889.788
20/09/2018;6491.64
21/09/2018;6753.18.00
22/09/2018;67.121.675
23/09/2018;67.012.975
24/09/2018;6581.51.00
25/09/2018;64.346.488
26/09/2018;64.586.525
27/09/2018;66.841.313
28/09/2018;6.621.665
29/09/2018;65.837.713
30/09/2018;6.606.085
01/10/2018;65.787.938
02/10/2018;65.066.575
03/10/2018;64.707.138
04/10/2018;6.555.875
05/10/2018;65.894.038
06/10/2018;6.563.425
07/10/2018;65.824.013
08/10/2018;66.224.013
09/10/2018;66.068.825
10/10/2018;65.507.313
11/10/2018;61.772.338
12/10/2018;62.116.688
13/10/2018;6227.51.00
14/10/2018;6.222.215
15/10/2018;65.133.838
16/10/2018;65.313.625
17/10/2018;65.146.413
18/10/2018;6.450.785
19/10/2018;64.188.525
20/10/2018;6.455.485
21/10/2018;6453.82
22/10/2018;64.480.988
23/10/2018;64.342.538
24/10/2018;6450.31.00
25/10/2018;64.273.975
26/10/2018;64.369.713
27/10/2018;64.310.888
28/10/2018;6426.55.00
29/10/2018;62.852.338
30/10/2018;62.835.263
31/10/2018;63.204.588
01/11/2018;6358.04.00
02/11/2018;6.368.855
03/11/2018;63.468.063
04/11/2018;64.394.788
05/11/2018;6.420.865
06/11/2018;64.659.875
07/11/2018;65.201.088
08/11/2018;64.252.638
09/11/2018;63.538.763
10/11/2018;6.368.675
11/11/2018;6.380.815
12/11/2018;63.560.238
13/11/2018;6.307.245
14/11/2018;56.819.813
15/11/2018;56.208.775
16/11/2018;55.482.338
17/11/2018;55.360.713
18/11/2018;5582.07.00
19/11/2018;47.851.538
20/11/2018;44.138.025
21/11/2018;45.743.588
22/11/2018;42.896.888
23/11/2018;43.199.938
24/11/2018;38.159.213
25/11/2018;39.765.713
26/11/2018;37.614.213
27/11/2018;38.001.963
28/11/2018;4.241.575
29/11/2018;4.263.875
30/11/2018;3.992.155
01/12/2018;41.656.063
02/12/2018;41.166.138
03/12/2018;38.556.833
04/12/2018;39.296.283
05/12/2018;37.223.917
06/12/2018;3466.15.00
07/12/2018;34.044.567
08/12/2018;34.333.633
09/12/2018;35.663.417
10/12/2018;3.447.345
11/12/2018;3.378.115
12/12/2018;34.653.367
13/12/2018;32.920.883
14/12/2018;32.237.633
15/12/2018;3.214.385
16/12/2018;32.291.683
17/12/2018;35.401.967
18/12/2018;3.703.805
19/12/2018;37.249.933
20/12/2018;41.076.867
21/12/2018;3.886.305
22/12/2018;4.031.895
23/12/2018;39.878.817
24/12/2018;40.698.067
25/12/2018;38.230.583
26/12/2018;3809.19.00
27/12/2018;3632.68
28/12/2018;3937.05.00
29/12/2018;37.797.133
30/12/2018;38.809.067
31/12/2018;3740.05.00
01/01/2019;3869.47.00
02/01/2019;39.412.167
03/01/2019;3.832.155
04/01/2019;38.636.267
05/01/2019;38.355.983
06/01/2019;4.083.165
07/01/2019;40.414.583
08/01/2019;40.299.917
09/01/2019;40.282.917
10/01/2019;36.695.825
11/01/2019;36.609.583
12/01/2019;36.586.725
13/01/2019;35.401.583
14/01/2019;37.061.725
15/01/2019;36.041.333
16/01/2019;36.302.567
17/01/2019;3665.41.00
18/01/2019;3.630.785
19/01/2019;37.089.633
20/01/2019;35.528.933
21/01/2019;3548.69
22/01/2019;35.982.183
23/01/2019;3576.01.00
24/01/2019;35.982.717
25/01/2019;3582.02.00
26/01/2019;3.580.775
27/01/2019;35.530.133
28/01/2019;3454.48.00
29/01/2019;3421.12.00
30/01/2019;3482.03.00
31/01/2019;3.441.985
01/02/2019;34.682.517
02/02/2019;34.662.175
03/02/2019;34.431.667
04/02/2019;3.451.115
05/02/2019;3.472.035
06/02/2019;33.936.717
07/02/2019;3385.97
08/02/2019;36.574.017
09/02/2019;3654.03.00
10/02/2019;36.810.517
11/02/2019;36.210.283
12/02/2019;36.227.133
13/02/2019;36.053.133
14/02/2019;3592.91
15/02/2019;36.010.583
16/02/2019;3.611.975
17/02/2019;36.617.417
18/02/2019;39.057.433
19/02/2019;39.220.983
20/02/2019;3976.79
21/02/2019;3936.34.00
22/02/2019;3.979.995
23/02/2019;41.454.383
24/02/2019;3.767.305
25/02/2019;3852.16.00
26/02/2019;38.306.733
27/02/2019;3832.26.00
28/02/2019;38.260.233
01/03/2019;38.500.717
02/03/2019;38.451.133
03/03/2019;38.201.467
04/03/2019;37.325.733
05/03/2019;3880.08.00
06/03/2019;38.849.983
07/03/2019;38.917.317
08/03/2019;3875.47.00
09/03/2019;3950.61
10/03/2019;39.320.433
11/03/2019;3.882.615
12/03/2019;38.913.467
13/03/2019;38.828.017
14/03/2019;38.859.883
15/03/2019;3.935.415
16/03/2019;40.225.383
17/03/2019;39.996.617
18/03/2019;40.048.117
19/03/2019;40.337.183
20/03/2019;40.640.867
21/03/2019;39.993.233
22/03/2019;4003.55.00
23/03/2019;40.094.683
24/03/2019;39.940.283
25/03/2019;39.293.083
26/03/2019;3.945.325
27/03/2019;40.519.033
28/03/2019;40.390.017
29/03/2019;41.190.183
30/03/2019;41.178.483
31/03/2019;4117.51.00
01/04/2019;4156.39.00
02/04/2019;49.086.883
03/04/2019;49.770.017
04/04/2019;49.178.467
05/04/2019;5053.72
06/04/2019;5058.34.00
07/04/2019;5208.02.00
08/04/2019;52.969.317
09/04/2019;5.196.985
10/04/2019;5.319.705
11/04/2019;5.046.865
12/04/2019;50.887.483
13/04/2019;50.777.183
14/04/2019;51.724.517
15/04/2019;5.033.095
16/04/2019;5214.55.00
17/04/2019;5237.38.00
18/04/2019;52.907.433
19/04/2019;52.975.667
20/04/2019;53.269.383
21/04/2019;53.059.967
22/04/2019;53.965.783
23/04/2019;55.401.117
24/04/2019;54.544.483
25/04/2019;5160.64
26/04/2019;5.241.025
27/04/2019;5247.24.00
28/04/2019;52.663.467
29/04/2019;52.596.267
30/04/2019;53.786.183
01/05/2019;5423.66
02/05/2019;55.033.017
03/05/2019;57.758.817
04/05/2019;5876.01.00
05/05/2019;5.823.795
06/05/2019;57.996.167
07/05/2019;58.615.917
08/05/2019;6029.08.00
09/05/2019;6187.28.00
10/05/2019;63.755.617
11/05/2019;7184.64
12/05/2019;69.791.317
13/05/2019;78.012.967
14/05/2019;7978.01.00
15/05/2019;8.180.425
16/05/2019;78.751.633
17/05/2019;73.768.533
18/05/2019;72.595.067
19/05/2019;81.893.767
20/05/2019;7.995.965
21/05/2019;7.945.045
22/05/2019;76.235.133
23/05/2019;78.759.967
24/05/2019;7998.22.00
25/05/2019;80.639.483
26/05/2019;8738.18.00
27/05/2019;87.830.683
28/05/2019;8.724.455
29/05/2019;8.670.265
30/05/2019;82.730.117
31/05/2019;8544.97
01/06/2019;85.531.267
02/06/2019;87.373.617
03/06/2019;8105.13.00
04/06/2019;76.773.983
05/06/2019;7.785.985
06/06/2019;7.806.715
07/06/2019;80.012.767
08/06/2019;79.285.417
09/06/2019;76.346.483
10/06/2019;80.166.917
11/06/2019;79.138.933
12/06/2019;81.733.567
13/06/2019;82.327.533
14/06/2019;8.693.765
15/06/2019;88.570.783
16/06/2019;89.765.367
17/06/2019;9340.25.00
18/06/2019;90.838.167
19/06/2019;92.885.367
20/06/2019;95.397.883
21/06/2019;102.329.167
22/06/2019;106.953.683
23/06/2019;108.608.233
24/06/2019;110.418.533
25/06/2019;117.526.783
26/06/2019;12.907.135
27/06/2019;11.170.885
28/06/2019;123.562.783
29/06/2019;118.825.083
30/06/2019;107.694.217
01/07/2019;105.993.267
02/07/2019;10850.4
03/07/2019;119.766.317
04/07/2019;111.519.183
05/07/2019;109.964.267
06/07/2019;112.524.533
07/07/2019;114.764.083
08/07/2019;122.946.567
09/07/2019;12.563.215
10/07/2019;120.966.533
11/07/2019;113.457.717
12/07/2019;117.893.367
13/07/2019;113.506.283
14/07/2019;10194.21
15/07/2019;108.424.517
16/07/2019;94.224.517
17/07/2019;96.927.067
18/07/2019;10636.91
19/07/2019;105.263.917
20/07/2019;10754.29
21/07/2019;105.862.433
22/07/2019;10.325.825
23/07/2019;9849.82
24/07/2019;97.715.667
25/07/2019;9882.01.00
26/07/2019;98.445.583
27/07/2019;94.662.717
28/07/2019;95.277.717
29/07/2019;95.010.317
30/07/2019;95.886.033
31/07/2019;10.090.535
01/08/2019;104.052.067
02/08/2019;105.262.167
03/08/2019;108.186.983
04/08/2019;109.793.133
05/08/2019;118.020.167
06/08/2019;114.671.983
07/08/2019;119.811.517
08/08/2019;120.108.983
09/08/2019;118.687.533
10/08/2019;11289.49
11/08/2019;11561.71
12/08/2019;113.965.433
13/08/2019;108.753.483
14/08/2019;100.361.867
15/08/2019;10.307.895
16/08/2019;103.587.683
17/08/2019;102.206.033
18/08/2019;103.217.317
19/08/2019;10.924.965
20/08/2019;107.769.083
21/08/2019;101.333.483
22/08/2019;10113.2
23/08/2019;104.067.433
24/08/2019;101.477.633
25/08/2019;101.386.683
26/08/2019;103.651.783
27/08/2019;101.779.267
28/08/2019;9.723.805
29/08/2019;95.006.367
30/08/2019;95.880.717
31/08/2019;96.086.467
01/09/2019;97.733.417
02/09/2019;10.386.915
03/09/2019;106.346.433
04/09/2019;105.836.617
05/09/2019;10580.27
06/09/2019;103.080.367
07/09/2019;10488.41
08/09/2019;104.046.433
09/09/2019;103.149.717
10/09/2019;101.077.217
11/09/2019;101.640.867
12/09/2019;104.335.567
13/09/2019;103.725.533
14/09/2019;103.654.467
15/09/2019;103.126.683
16/09/2019;10.271.015
17/09/2019;10.199.905
18/09/2019;101.653.267
19/09/2019;102.826.567
20/09/2019;10.179.955
21/09/2019;9.989.755
22/09/2019;100.367.067
23/09/2019;96.945.067
24/09/2019;8.538.105
25/09/2019;84.499.167
26/09/2019;80.759.667
27/09/2019;82.002.833
28/09/2019;82.213.783
29/09/2019;80.672.683
30/09/2019;83.168.767
01/10/2019;8326.58.00
02/10/2019;83.952.183
03/10/2019;82.465.417
04/10/2019;81.613.483
05/10/2019;81.539.767
06/10/2019;7868.34.00
07/10/2019;82.176.333
08/10/2019;81.910.717
09/10/2019;85.964.533
10/10/2019;85.903.733
11/10/2019;8.272.395
12/10/2019;83.118.117
13/10/2019;82.909.717
14/10/2019;83.620.733
15/10/2019;8171.27.00
16/10/2019;80.028.483
17/10/2019;80.813.133
18/10/2019;79.662.667
19/10/2019;79.740.883
20/10/2019;82.428.633
21/10/2019;82.213.733
22/10/2019;8.034.545
23/10/2019;7.478.905
24/10/2019;74.358.467
25/10/2019;86.715.083
26/10/2019;92.619.983
27/10/2019;9.555.305
28/10/2019;92.232.067
29/10/2019;9.437.585
30/10/2019;9.170.285
31/10/2019;9.164.365
01/11/2019;92.654.317
02/11/2019;9312.36.00
03/11/2019;9211.06.00
04/11/2019;9.424.185
05/11/2019;93.266.033
06/11/2019;9345.69
07/11/2019;92.058.083
08/11/2019;87.703.617
09/11/2019;88.133.567
10/11/2019;90.447.817
11/11/2019;8726.36.00
12/11/2019;88.202.333
13/11/2019;87.751.017
14/11/2019;86.391.833
15/11/2019;84.712.783
16/11/2019;8496.06.00
17/11/2019;8516.08.00
18/11/2019;81.910.667
19/11/2019;81.362.767
20/11/2019;80.983.183
21/11/2019;7633.95
22/11/2019;7292.74
23/11/2019;73.353.217
24/11/2019;69.248.483
25/11/2019;71.367.617
26/11/2019;71.755.267
27/11/2019;75.318.283
28/11/2019;74.422.967
29/11/2019;7770.54.00
30/11/2019;75.714.083
01/12/2019;74.208.417
02/12/2019;73.208.167
03/12/2019;73.128.833
04/12/2019;7211.35.00
05/12/2019;74.044.033
06/12/2019;75.568.817
07/12/2019;7517.02.00
08/12/2019;7539.52.00
09/12/2019;73.513.367
10/12/2019;72.328.433
11/12/2019;72.134.767
12/12/2019;7199.51.00
13/12/2019;7.263.045
14/12/2019;70.771.517
15/12/2019;71.258.167
16/12/2019;68.932.367
17/12/2019;66.333.717
18/12/2019;72.997.367
19/12/2019;7.161.965
20/12/2019;7.198.785
21/12/2019;71.509.133
22/12/2019;75.200.433
23/12/2019;7.324.495
24/12/2019;7.261.025
25/12/2019;72.040.217
26/12/2019;72.058.033
27/12/2019;7259.67
28/12/2019;73.136.933
29/12/2019;7.397.535
30/12/2019;7.234.615
31/12/2019;71.824.017
01/01/2020;71.884.633
02/01/2020;69.615.683
03/01/2020;7346.58.00
04/01/2020;7.355.855
05/01/2020;73.563.117
06/01/2020;7.761.825
07/01/2020;81.577.617
08/01/2020;80.428.733
09/01/2020;78.169.233
10/01/2020;8.189.265
11/01/2020;80.164.267
12/01/2020;81.788.833
13/01/2020;81.054.783
14/01/2020;88.074.267
15/01/2020;88.084.867
16/01/2020;87.169.133
17/01/2020;8890.25.00
18/01/2020;8901.17.00
19/01/2020;86.985.717
20/01/2020;86.312.883
21/01/2020;87.276.033
22/01/2020;8661.01.00
23/01/2020;8.392.145
24/01/2020;8436.49.00
25/01/2020;83.371.017
26/01/2020;86.027.417
27/01/2020;89.015.067
28/01/2020;93.932.733
29/01/2020;9290.46.00
30/01/2020;9.508.725
31/01/2020;93.461.333
01/02/2020;93.886.617
02/02/2020;9333.08.00
03/02/2020;92.916.433
04/02/2020;91.753.367
05/02/2020;96.134.033
06/02/2020;97.505.467
07/02/2020;98.085.967
08/02/2020;98.976.583
09/02/2020;101.612.833
10/02/2020;98.527.183
11/02/2020;10266.1
12/02/2020;103.479.517
13/02/2020;102.300.783
14/02/2020;103.567.567
15/02/2020;99.030.217
16/02/2020;9926.02.00
17/02/2020;9706.08.00
18/02/2020;101.858.767
19/02/2020;9593.48.00
20/02/2020;9607.31.00
21/02/2020;96.955.583
22/02/2020;96.678.433
23/02/2020;99.732.733
24/02/2020;96.646.333
25/02/2020;9313.92
26/02/2020;8790.12.00
27/02/2020;8.816.585
28/02/2020;87.156.617
29/02/2020;85.383.983
01/03/2020;85.402.567
02/03/2020;89.262.517
03/03/2020;8768.18.00
04/03/2020;87.678.867
05/03/2020;9.073.275
06/03/2020;91.651.517
07/03/2020;89.059.517
08/03/2020;80.501.883
09/03/2020;7944.45.00
10/03/2020;78.992.267
11/03/2020;7951.17.00
12/03/2020;4.914.085
13/03/2020;56.295.767
14/03/2020;51.823.217
15/03/2020;5360.06.00
16/03/2020;50.436.783
17/03/2020;53.370.933
18/03/2020;54.116.217
19/03/2020;6180.27.00
20/03/2020;62.066.117
21/03/2020;61.976.183
22/03/2020;5803.67
23/03/2020;6492.94
24/03/2020;67.667.817
25/03/2020;6.687.705
26/03/2020;6709.95
27/03/2020;6698.73
28/03/2020;6.226.545
29/03/2020;58.820.067
30/03/2020;6.568.805
31/03/2020;6449.95
01/04/2020;6671.95
02/04/2020;6833.05.00
03/04/2020;6.740.075
04/04/2020;6.872.915
05/04/2020;6778.61
06/04/2020;7297.75
07/04/2020;7360.37.00
08/04/2020;7341.15.00
09/04/2020;7314.95
10/04/2020;6909.95
11/04/2020;6814.05.00
12/04/2020;7143.45.00
13/04/2020;6.763.065
14/04/2020;6885.01.00
15/04/2020;6727.15.00
16/04/2020;70.558.225
17/04/2020;7086.85
18/04/2020;7226.61
19/04/2020;7170.65
20/04/2020;6896.31.00
21/04/2020;6856.08.00
22/04/2020;7137.85
23/04/2020;7556.95
24/04/2020;7502.09.00
25/04/2020;7.598.605
26/04/2020;7602.64
27/04/2020;7.674.375
28/04/2020;7724.15.00
29/04/2020;8273.45.00
30/04/2020;8740.75
01/05/2020;87.715.725
02/05/2020;8.891.445
03/05/2020;8819.01.00
04/05/2020;8801.36.00
05/05/2020;8900.03.00
06/05/2020;92.489.475
07/05/2020;9375.95
08/05/2020;99.866.675
09/05/2020;9.740.815
10/05/2020;8465.45.00
11/05/2020;88.570.625
12/05/2020;8729.95
13/05/2020;9099.02.00
14/05/2020;95.825.825
15/05/2020;9.523.595
16/05/2020;9465.05.00
17/05/2020;9.775.125
18/05/2020;9636.55.00
19/05/2020;9789.75
20/05/2020;9.772.205
21/05/2020;9335.15.00
22/05/2020;9177.08.00
23/05/2020;91.868.317
24/05/2020;9203.13.00
25/05/2020;8776.34.00
26/05/2020;8871.05.00
27/05/2020;8923.05.00
28/05/2020;9207.95
29/05/2020;9.448.365
30/05/2020;9.550.815
31/05/2020;9545.15.00
01/06/2020;9564.95
02/06/2020;10136.5
03/06/2020;9594.45.00
04/06/2020;9529.55.00
05/06/2020;9.836.805
06/06/2020;9679.75
07/06/2020;9621.55.00
08/06/2020;9.730.365
09/06/2020;9668.96
10/06/2020;9731.05.00
11/06/2020;9797.05.00
12/06/2020;9475.95
13/06/2020;94.323.875
14/06/2020;9.421.895
15/06/2020;9137.25.00
16/06/2020;94.907.375
17/06/2020;9474.64
18/06/2020;9447.25.00
19/06/2020;9276.15.00
20/06/2020;9.312.005
21/06/2020;9.339.125
22/06/2020;9474.09.00
23/06/2020;9.591.715
24/06/2020;9510.03.00
25/06/2020;92.741.267
26/06/2020;9127.55.00
27/06/2020;9.164.315
28/06/2020;8991.05.00
29/06/2020;9096.15.00
30/06/2020;9.144.385
01/07/2020;9153.95
02/07/2020;9.199.875
03/07/2020;9.094.955
04/07/2020;9.083.395
05/07/2020;90.753.125
06/07/2020;9203.25.00
07/07/2020;9.265.375
08/07/2020;92.795.833
09/07/2020;9403.85
10/07/2020;9.144.715
11/07/2020;9278.05.00
12/07/2020;9279.05.00
13/07/2020;92.946.625
14/07/2020;92.024.067
15/07/2020;92.141.275
16/07/2020;9.116.325
17/07/2020;9122.22.00
18/07/2020;91.402.575
19/07/2020;9156.11.00
20/07/2020;9.185.375
21/07/2020;92.065.125
22/07/2020;9.357.195
23/07/2020;9.511.615
24/07/2020;9544.48.00
25/07/2020;9601.75
26/07/2020;9712.08.00
27/07/2020;10300.5
28/07/2020;109.853.117
29/07/2020;10982.5
30/07/2020;11053.5
31/07/2020;11025.5
01/08/2020;113.541.567
02/08/2020;11301.28
03/08/2020;11.164.445
04/08/2020;11.275.995
05/08/2020;11219.5
06/08/2020;117.968.174
07/08/2020;11.827.265
08/08/2020;11568.5
09/08/2020;11666.45
10/08/2020;12010.28
11/08/2020;11832.5
12/08/2020;11342.01
13/08/2020;11.565.095
14/08/2020;11759.5
15/08/2020;11.895.627
16/08/2020;11908.33
17/08/2020;11856.5
18/08/2020;12327.5
19/08/2020;11918.5
20/08/2020;118.338.974
21/08/2020;115.831.389
22/08/2020;116.746.244
23/08/2020;11611.5
24/08/2020;117.440.127
25/08/2020;11.378.726
26/08/2020;114.588.226
27/08/2020;11.302.121
28/08/2020;114.822.257
29/08/2020;115.150.444
30/08/2020;116.570.039
31/08/2020;116.783.733
01/09/2020;119.642.087
02/09/2020;11795.7
03/09/2020;113.028.875
04/09/2020;102.925.983
05/09/2020;10439.5
06/09/2020;10110.44
07/09/2020;10164.13
08/09/2020;103.165.833
09/09/2020;10032.5
10/09/2020;10.341.016
11/09/2020;103.805.396
12/09/2020;104.363.654
13/09/2020;103.130.686
14/09/2020;106.802.976
15/09/2020;108.295.053
16/09/2020;110.333.835
17/09/2020;109.371.113
18/09/2020;109.339.312
19/09/2020;110.488.793
20/09/2020;108.529.101
21/09/2020;105.262.029
22/09/2020;105.311.646
23/09/2020;10.260.033
24/09/2020;106.729.568
25/09/2020;107.290.696
26/09/2020;107.414.765
27/09/2020;107.523.455
28/09/2020;108.630.657
29/09/2020;107.642.844
30/09/2020;107.415.796
01/10/2020;10.626.601
02/10/2020;105.673.302
03/10/2020;105.550.287
04/10/2020;106.606.112
05/10/2020;107.564.046
06/10/2020;105.896.264
07/10/2020;106.457.548
08/10/2020;108.975.954
09/10/2020;110.635.317
10/10/2020;113.044.917
11/10/2020;113.771.683
12/10/2020;115.451.583
13/10/2020;11.432.475
14/10/2020;114.308.717
15/10/2020;115.105.367
16/10/2020;113.255.217
17/10/2020;113.699.133
18/10/2020;115.169.667
19/10/2020;117.585.467
20/10/2020;11.922.975
21/10/2020;128.114.867
22/10/2020;129.879.017
23/10/2020;129.401.067
24/10/2020;13.127.055
25/10/2020;130.390.133
26/10/2020;130.678.283
27/10/2020;13638.76
28/10/2020;132.764.533
29/10/2020;134.597.983
30/10/2020;13.566.925
31/10/2020;137.971.033
01/11/2020;13762.97
02/11/2020;135.672.233
03/11/2020;14030.79
04/11/2020;14158.81
05/11/2020;15.593.555
06/11/2020;155.890.033
07/11/2020;14.843.945
08/11/2020;15489.47
09/11/2020;15334.87
10/11/2020;153.134.433
11/11/2020;15706.54
12/11/2020;163.010.267
13/11/2020;163.303.433
14/11/2020;160.757.133
15/11/2020;15.968.245
16/11/2020;16.720.605
17/11/2020;17.676.335
18/11/2020;177.852.667
19/11/2020;178.150.783
20/11/2020;186.754.333
21/11/2020;186.975.133
22/11/2020;184.235.133
23/11/2020;183.817.167
24/11/2020;191.612.683
25/11/2020;187.235.467
26/11/2020;17.182.485
27/11/2020;171.563.033
28/11/2020;177.379.667
29/11/2020;181.965.467
30/11/2020;197.080.967
01/12/2020;187.951.967
02/12/2020;19226.22
03/12/2020;194.502.667
04/12/2020;18657.42
05/12/2020;19.157.925
06/12/2020;193.867.117
07/12/2020;191.853.967
08/12/2020;183.225.533
09/12/2020;18553.92
10/12/2020;182.559.233
11/12/2020;180.397.617
12/12/2020;188.110.617
13/12/2020;191.687.533
14/12/2020;192.748.733
15/12/2020;194.445.483
16/12/2020;213.498.467
17/12/2020;228.122.817
18/12/2020;231.332.867
19/12/2020;23.835.305
20/12/2020;234.589.967
21/12/2020;22.718.225
22/12/2020;238.173.067
23/12/2020;232.290.133
24/12/2020;237.296.483
25/12/2020;247.078.017
26/12/2020;26445.95
27/12/2020;262.482.767
28/12/2020;270.418.667
29/12/2020;273.539.783
30/12/2020;28886.04
31/12/2020;28.956.265
01/01/2021;29.391.775
02/01/2021;32198.48
03/01/2021;33033.62
04/01/2021;32.017.565
05/01/2021;340.350.067
06/01/2021;368.269.783
07/01/2021;394.756.067
08/01/2021;406.167.217
09/01/2021;402.278.683
10/01/2021;38191.55
11/01/2021;354.631.883
12/01/2021;340.599.133
13/01/2021;373.758.033
14/01/2021;39.138.075
15/01/2021;367.700.433
16/01/2021;360.291.967
17/01/2021;358.450.217
18/01/2021;366.569.933
19/01/2021;359.291.683
20/01/2021;35510.67
21/01/2021;30838.5
22/01/2021;33.018.825
23/01/2021;321.067.033
24/01/2021;32.297.165
25/01/2021;32255.35
26/01/2021;325.183.583
27/01/2021;304.253.933
28/01/2021;33.420.045
29/01/2021;34264.01
30/01/2021;343.242.717
31/01/2021;331.297.433
01/02/2021;33543.77
02/02/2021;35528.31
03/02/2021;376.852.767
04/02/2021;369.846.783
05/02/2021;383.062.467
06/02/2021;392.693.417
07/02/2021;38862.35
08/02/2021;46436.09
09/02/2021;465.022.933
10/02/2021;448.556.167
11/02/2021;480.046.533
12/02/2021;474.104.033
13/02/2021;472.116.683
14/02/2021;48633.26
15/02/2021;479.341.267
16/02/2021;491.857.283
17/02/2021;52127.32
18/02/2021;515.734.067
19/02/2021;55923.13
20/02/2021;55898.44
21/02/2021;57441.6
22/02/2021;54.117.495
23/02/2021;489.010.167
24/02/2021;49734.52
25/02/2021;471.047.833
26/02/2021;46329.74
27/02/2021;461.893.783
28/02/2021;452.564.133
01/03/2021;496.196.433
02/03/2021;485.028.083
03/03/2021;504.221.683
04/03/2021;48.365.145
05/03/2021;48780.96
06/03/2021;488.870.233
07/03/2021;509.859.417
08/03/2021;52393.36
09/03/2021;549.323.367
10/03/2021;55.890.255
11/03/2021;578.276.133
12/03/2021;57254.9
13/03/2021;611.848.267
14/03/2021;589.915.683
15/03/2021;556.520.067
16/03/2021;56.921.495
17/03/2021;58.899.975
18/03/2021;57638.09
19/03/2021;580.692.567
20/03/2021;581.190.917
21/03/2021;573.729.783
22/03/2021;540.919.683
23/03/2021;54.343.355
24/03/2021;52.291.855
25/03/2021;51.344.275
26/03/2021;55046.03
27/03/2021;558.537.717
28/03/2021;557.772.867
29/03/2021;576.415.567
30/03/2021;587.959.467
31/03/2021;587.938.417
01/04/2021;587.266.833
02/04/2021;589.811.117
03/04/2021;57065.38
04/04/2021;58.221.755
05/04/2021;59.140.685
06/04/2021;58.011.415
07/04/2021;55950.97
08/04/2021;58087.18
09/04/2021;58119.59
10/04/2021;59.791.845
11/04/2021;599.908.733
12/04/2021;598.567.133
13/04/2021;635.648.333
14/04/2021;629.545.883
15/04/2021;632.237.683
16/04/2021;61.394.885
17/04/2021;600.235.133
18/04/2021;562.323.767
19/04/2021;556.682.283
20/04/2021;564.992.767
21/04/2021;53.812.075
22/04/2021;517.221.333
23/04/2021;511.611.467
24/04/2021;501.237.367
25/04/2021;49128.24
26/04/2021;540.695.117
27/04/2021;55066.08
28/04/2021;548.777.017
29/04/2021;535.799.583
30/04/2021;577.368.583
01/05/2021;578.360.067
02/05/2021;566.088.033
03/05/2021;571.894.833
04/05/2021;532.403.383
05/05/2021;57.501.215
06/05/2021;564.379.833
07/05/2021;573.510.667
08/05/2021;58.940.025
09/05/2021;58290.33
10/05/2021;55862.21
11/05/2021;567.378.433
12/05/2021;495.149.883
13/05/2021;497.243.183
14/05/2021;499.034.717
15/05/2021;467.772.883
16/05/2021;464.935.217
17/05/2021;435.633.433
18/05/2021;428.963.217
19/05/2021;367.655.983
20/05/2021;405.938.117
21/05/2021;37.361.405
22/05/2021;375.168.317
23/05/2021;347.207.417
24/05/2021;38856.76
25/05/2021;38378.96
26/05/2021;392.993.583
27/05/2021;385.347.717
28/05/2021;35678.94
29/05/2021;34613.67
30/05/2021;356.498.283
31/05/2021;37.277.445
01/06/2021;366.817.417
02/06/2021;37583.65
03/06/2021;392.326.517
04/06/2021;368.518.417
05/06/2021;355.349.267
06/06/2021;358.011.317
07/06/2021;335.807.767
08/06/2021;334.064.817
09/06/2021;37383.66
10/06/2021;366.839.167
11/06/2021;373.380.367
12/06/2021;355.459.817
13/06/2021;390.180.383
14/06/2021;405.186.883
15/06/2021;401.607.267
16/06/2021;383.447.233
17/06/2021;380.872.533
18/06/2021;358.146.417
19/06/2021;355.197.117
20/06/2021;35605.68
21/06/2021;316.515.733
22/06/2021;32.538.255
23/06/2021;33.690.375
24/06/2021;346.579.733
25/06/2021;315.869.033
26/06/2021;32.308.725
27/06/2021;34708.96
28/06/2021;34.497.755
29/06/2021;35918.88
30/06/2021;350.534.183
01/07/2021;335.249.833
02/07/2021;33.803.965
03/07/2021;346.841.333
04/07/2021;352.872.033
05/07/2021;33.694.795
06/07/2021;342.338.467
07/07/2021;33876.69
08/07/2021;328.699.583
09/07/2021;338.053.783
10/07/2021;335.134.867
11/07/2021;34254.0
12/07/2021;33.092.925
13/07/2021;327.279.283
14/07/2021;328.221.817
15/07/2021;318.700.083
16/07/2021;314.004.217
17/07/2021;315.390.267
18/07/2021;31800.12
19/07/2021;30837.89
20/07/2021;298.007.367
21/07/2021;321.460.733
22/07/2021;323.065.917
23/07/2021;336.464.367
24/07/2021;342.891.017
25/07/2021;354.174.683
26/07/2021;372.687.083
27/07/2021;394.898.683
28/07/2021;400.217.183
29/07/2021;400.399.783
30/07/2021;422.082.233
31/07/2021;414.588.433
01/08/2021;39.882.385
02/08/2021;391.547.917
03/08/2021;38.198.685
04/08/2021;397.424.433
05/08/2021;40887.41
06/08/2021;428.563.483
07/08/2021;44606.61
08/08/2021;438.048.083
09/08/2021;462.832.333
10/08/2021;456.066.133
11/08/2021;455.560.133
12/08/2021;444.158.567
13/08/2021;478.376.783
14/08/2021;470.982.633
15/08/2021;470.189.017
16/08/2021;45.927.405
17/08/2021;446.863.333
18/08/2021;44725.12
19/08/2021;467.687.083
20/08/2021;493.458.517
21/08/2021;488.620.467
22/08/2021;492.788.733
23/08/2021;495.254.783
24/08/2021;477.054.083
25/08/2021;489.960.733
26/08/2021;468.428.117
27/08/2021;490.825.783
28/08/2021;48923.55
29/08/2021;487.995.817
30/08/2021;46.996.925
31/08/2021;47127.2
01/09/2021;488.409.633
02/09/2021;49284.7
03/09/2021;500.129.283
04/09/2021;499.247.283
05/09/2021;51788.98
06/09/2021;526.882.417
07/09/2021;46856.45
08/09/2021;46.070.405
09/09/2021;463.910.983
10/09/2021;44849.31
11/09/2021;451.688.233
12/09/2021;460.439.567
13/09/2021;449.553.717
14/09/2021;471.121.767
15/09/2021;48.139.485
16/09/2021;477.704.467
17/09/2021;472.973.683
18/09/2021;483.150.433
19/09/2021;472.474.317
20/09/2021;430.147.217
21/09/2021;40.681.445
22/09/2021;435.779.517
23/09/2021;448.935.833
24/09/2021;428.517.017
25/09/2021;427.095.933
26/09/2021;431.994.867
27/09/2021;42178.03
28/09/2021;410.464.417
29/09/2021;41.535.125
30/09/2021;438.255.417
01/10/2021;481.627.067
02/10/2021;476.719.367
03/10/2021;482.330.983
04/10/2021;49240.26
05/10/2021;51495.32
06/10/2021;55.340.015
07/10/2021;53.798.405
08/10/2021;539.442.767
09/10/2021;549.608.483
10/10/2021;546.861.333
11/10/2021;574.903.067
12/10/2021;56.001.745
13/10/2021;573.757.267
14/10/2021;573.550.283
15/10/2021;61693.79
16/10/2021;608.714.467
17/10/2021;615.188.433
18/10/2021;620.251.667
19/10/2021;642.865.167
20/10/2021;660.150.967
21/10/2021;622.019.633
22/10/2021;60696.97
23/10/2021;613.076.667
24/10/2021;608.495.667
25/10/2021;630.845.717
26/10/2021;603.076.533
27/10/2021;584.578.717
28/10/2021;605.919.433
29/10/2021;62253.32
30/10/2021;61.888.405
31/10/2021;613.385.317
01/11/2021;609.557.683
02/11/2021;63.246.855
03/11/2021;629.268.233
04/11/2021;614.442.283
05/11/2021;610.162.883
06/11/2021;615.143.833
07/11/2021;63287.79
08/11/2021;675.448.733
09/11/2021;669.418.717
10/11/2021;649.243.533
11/11/2021;64818.75
12/11/2021;641.429.817
13/11/2021;64.410.975
14/11/2021;654.953.183
15/11/2021;635.997.467
16/11/2021;601.129.583
17/11/2021;60.364.085
18/11/2021;569.254.283
19/11/2021;581.217.817
20/11/2021;597.639.583
21/11/2021;586.895.383
22/11/2021;562.901.683
23/11/2021;57.594.305
24/11/2021;57172.54
25/11/2021;589.991.183
26/11/2021;53.798.905
27/11/2021;54.772.275
28/11/2021;573.195.733
29/11/2021;57.834.505
30/11/2021;56.974.035
01/12/2021;572.386.217
02/12/2021;565.221.483
03/12/2021;53671.99
04/12/2021;492.474.233
05/12/2021;494.541.033
06/12/2021;50.516.595
07/12/2021;506.311.267
08/12/2021;50.510.235
09/12/2021;475.910.267
10/12/2021;471.767.617
11/12/2021;49.388.085
12/12/2021;501.057.917
13/12/2021;467.355.167
14/12/2021;48.385.125
15/12/2021;48886.06
16/12/2021;476.454.233
17/12/2021;46.171.715
18/12/2021;468.637.717
19/12/2021;46.695.385
20/12/2021;469.136.417
21/12/2021;489.233.067
22/12/2021;486.205.417
23/12/2021;508.322.517
24/12/2021;508.319.433
25/12/2021;504.366.433
26/12/2021;50.796.875
27/12/2021;50.696.565
28/12/2021;475.498.233
29/12/2021;46470.69
30/12/2021;471.380.417
31/12/2021;462.061.767
01/01/2022;47.742.995
02/01/2022;473.109.233
03/01/2022;464.480.367
04/01/2022;458.373.333
05/01/2022;434.307.067
06/01/2022;43.098.685
07/01/2022;415.412.233
08/01/2022;41.689.195
09/01/2022;418.641.067
10/01/2022;418.384.617
11/01/2022;42744.29
12/01/2022;439.212.833
13/01/2022;425.771.583
14/01/2022;43.095.525
15/01/2022;43.096.105
16/01/2022;430.912.567
17/01/2022;422.247.167
18/01/2022;423.736.817
19/01/2022;41.676.665
20/01/2022;407.054.417
21/01/2022;364.626.283
22/01/2022;35085.14
23/01/2022;362.862.217
24/01/2022;36703.22
25/01/2022;369.814.917
26/01/2022;36828.1
27/01/2022;37194.41
28/01/2022;377.407.367
29/01/2022;38186.37
30/01/2022;379.158.983
31/01/2022;384.992.683
01/02/2022;387.188.067
02/02/2022;36.918.195
03/02/2022;37339.93
04/02/2022;415.804.283
05/02/2022;414.202.367
06/02/2022;424.145.633
07/02/2022;43868.43
08/02/2022;440.805.583
09/02/2022;44.427.395
10/02/2022;43.529.695
11/02/2022;424.045.383
12/02/2022;42.235.445
13/02/2022;420.769.183
14/02/2022;42551.44
15/02/2022;445.731.483
16/02/2022;43.900.745
17/02/2022;40558.95
18/02/2022;400.167.933
19/02/2022;40.116.055
20/02/2022;384.111.083
21/02/2022;370.427.233
22/02/2022;382.730.417
23/02/2022;372.748.567
24/02/2022;383.571.617
25/02/2022;392.337.383
26/02/2022;391.383.683
27/02/2022;377.213.933
28/02/2022;431.975.817
01/03/2022;44438.34
02/03/2022;43931.7
03/03/2022;424.765.117
04/03/2022;39.165.255
05/03/2022;394.111.383
06/03/2022;38.426.475
07/03/2022;38012.92
08/03/2022;387.536.467
09/03/2022;419.575.333
10/03/2022;394.391.533
11/03/2022;38739.66
12/03/2022;388.142.817
13/03/2022;377.880.583
14/03/2022;396.917.917
15/03/2022;39.310.215
16/03/2022;41.134.125
17/03/2022;40.945.165
18/03/2022;417.787.817
19/03/2022;422.280.883
20/03/2022;412.762.617
21/03/2022;41.037.885
22/03/2022;42.375.065
23/03/2022;425.407.775
24/03/2022;43.921.275
25/03/2022;44360.5
26/03/2022;44350.51
27/03/2022;46631.25
28/03/2022;48173.2
29/03/2022;47384.5
30/03/2022;47151.5
31/03/2022;463.185.625
01/04/2022;46154.5
02/04/2022;46.321.275
03/04/2022;46.571.355
04/04/2022;457.015.475
05/04/2022;45809.58
06/04/2022;44.106.255
07/04/2022;43600.0
08/04/2022;43.090.215
09/04/2022;42459.5
10/04/2022;42726.0
11/04/2022;40865.25
12/04/2022;40617.5
13/04/2022;39888.5
14/04/2022;41023.5
15/04/2022;40310.5
16/04/2022;40411.5
17/04/2022;40339.5
18/04/2022;39.036.355
19/04/2022;40661.67
20/04/2022;41440.0
21/04/2022;41931.0
22/04/2022;39494.5
23/04/2022;39.732.605
24/04/2022;39.605.645
25/04/2022;39111.5
26/04/2022;39971.98
27/04/2022;39043.5
28/04/2022;39.627.555
29/04/2022;39.158.385
30/04/2022;38617.0
